No,動画ID,タイムスタンプ,曲名,アーティスト,検索用,ジャンル,信頼度,元テキスト
1,lxZPgnmdkok,10:05,行きましょうか,,行きましょうか,その他,0.5,プロジェクトサーバーに行きましょうか。
2,lxZPgnmdkok,11:01,こんにちは。ビバブプロジェクトサーバー,,こんにちは。ビバブプロジェクトサーバー,その他,0.5,こんにちは。ビバブプロジェクトサーバー
3,lxZPgnmdkok,15:25,プロジェクトも卒業するしね。そう。活動,,プロジェクトも卒業するしね。そう。活動,その他,0.5,プロジェクトも卒業するしね。そう。活動
4,lxZPgnmdkok,15:43,これからも続いてくん,,これからも続いてくん,その他,0.7,プロジェクトはね、これからも続いてくん
5,lxZPgnmdkok,15:47,ピパッププロジェクトうん。延期しとく,,ピパッププロジェクトうん。延期しとく,その他,0.5,ピパッププロジェクトうん。延期しとく。
6,lxZPgnmdkok,30:51,言うたとこがもうなんで来んの?なんで,,言うたとこがもうなんで来んの?なんで,その他,0.5,言うたとこがもうなんで来んの?なんで
7,lxZPgnmdkok,85:05,頑張ればいいやんとか思ったけど全然歌を,,頑張ればいいやんとか思ったけど全然歌を,その他,0.5,頑張ればいいやんとか思ったけど全然歌を
8,lxZPgnmdkok,85:09,歌作るとかね,,歌作るとかね,その他,0.5,歌作るとかね
9,lxZPgnmdkok,85:16,歌も関節しなきゃいけない本当にもうさ,,歌も関節しなきゃいけない本当にもうさ,その他,0.5,歌も関節しなきゃいけない本当にもうさ
10,lxZPgnmdkok,85:46,歌人の新築どれぐらい?えっと、歌人は,,歌人の新築どれぐらい?えっと、歌人は,その他,0.5,歌人の新築どれぐらい?えっと、歌人は
11,lxZPgnmdkok,86:38,自分のね、自分ミックスの歌残すちょっと,,自分のね、自分ミックスの歌残すちょっと,その他,0.5,自分のね、自分ミックスの歌残すちょっと
12,lxZPgnmdkok,88:33,オリジナル曲だから,,オリジナル曲だから,その他,0.5,オリジナル曲だから
13,lxZPgnmdkok,89:14,リクエストの投稿もしてるんだけどね。あ,,リクエストの投稿もしてるんだけどね。あ,その他,0.5,リクエストの投稿もしてるんだけどね。あ
14,lxZPgnmdkok,89:16,ちょっと聞いてよ。リクエスト歌枠,,ちょっと聞いてよ。リクエスト歌枠,その他,0.5,ね、ちょっと聞いてよ。リクエスト歌枠
15,lxZPgnmdkok,89:18,普通の歌枠になりそうだよ。みんな,,普通の歌枠になりそうだよ。みんな,その他,0.5,普通の歌枠になりそうだよ。みんな
16,lxZPgnmdkok,89:22,歌える曲的に普通の歌枠になりそう,,歌える曲的に普通の歌枠になりそう,その他,0.5,歌える曲的に普通の歌枠になりそう。
17,lxZPgnmdkok,89:29,うん。いやね、あの50リクエストがあの,,うん。いやね、あの50リクエストがあの,その他,0.5,うん。いやね、あの50リクエストがあの
18,lxZPgnmdkok,89:34,あれみんな50とリクエストしてくれると,,あれみんな50とリクエストしてくれると,その他,0.5,あれみんな50とリクエストしてくれると
19,lxZPgnmdkok,89:40,普通の歌枠になりそうだよ。だからだ。鉄,,普通の歌枠になりそうだよ。だからだ。鉄,その他,0.5,普通の歌枠になりそうだよ。だからだ。鉄
20,lxZPgnmdkok,90:51,ん。じゃね、クエストの50局歌め残せ,,ん。じゃね、クエストの50局歌め残せ,その他,0.5,うん。じゃね、クエストの50局歌め残せ
21,lxZPgnmdkok,90:57,え、50局来てないもん。リクエスト,,え、50局来てないもん。リクエスト,その他,0.5,え、50局来てないもん。リクエスト
22,lxZPgnmdkok,91:45,そう。リクエスト50,,そう。リクエスト50,その他,0.5,そう。リクエスト50
23,lxZPgnmdkok,91:46,局ない。歌えそうな,,局ない。歌えそうな,その他,0.5,局ない。歌えそうな。
24,lxZPgnmdkok,91:49,歌えるやつであってる。よしよしよし,,歌えるやつであってる。よしよしよし,その他,0.5,歌えるやつであってる。よしよしよし。
25,lxZPgnmdkok,91:52,あ、全然たくさん待ってるよ、リクエストで。,,あ、全然たくさん待ってるよ、リクエストで。,その他,0.5,あ、全然たくさん待ってるよ、リクエストで。
26,lxZPgnmdkok,93:20,ま、リクエスト来た方だけ歌うって、ま,,ま、リクエスト来た方だけ歌うって、ま,その他,0.5,ま、リクエスト来た方だけ歌うって、ま、
27,lxZPgnmdkok,93:24,から。ま、全然こ曲来なくてもうん。私は,,から。ま、全然こ曲来なくてもうん。私は,その他,0.5,から。ま、全然こ曲来なくてもうん。私は
28,lxZPgnmdkok,117:46,ことで言うたわけだ。ふう。,,ことで言うたわけだ。ふう。,その他,0.5,ことで言うたわけだ。ふう。
29,lxZPgnmdkok,157:20,ちゃったけど、この曲ピアノの発表会で,,ちゃったけど、この曲ピアノの発表会で,その他,0.5,ちゃったけど、この曲ピアノの発表会で
30,lxZPgnmdkok,207:06,も、この曲頭から離れないんだけど。ある,,も、この曲頭から離れないんだけど。ある,その他,0.5,も、この曲頭から離れないんだけど。ある
31,lxZPgnmdkok,207:08,よね。テスト中とかさ、めっちゃ曲は頭の,,よね。テスト中とかさ、めっちゃ曲は頭の,その他,0.5,よね。テスト中とかさ、めっちゃ曲は頭の
32,lxZPgnmdkok,212:55,作業BM歌ってあげる。けた本でも握り,,作業BM歌ってあげる。けた本でも握り,その他,0.5,作業BM歌ってあげる。けた本でも握り
33,lxZPgnmdkok,217:48,ダンスといい、ラップといい、歌といい,,ダンスといい、ラップといい、歌といい,その他,0.5,。ダンスといい、ラップといい、歌といい
34,lxZPgnmdkok,217:51,ミックスもそうだけど、とりあえず,,ミックスもそうだけど、とりあえず,その他,0.5,。ミックスもそうだけど、とりあえず
35,lxZPgnmdkok,242:59,てくれて。シネマのね、歌ってみたら残り,,てくれて。シネマのね、歌ってみたら残り,歌い手,0.5,てくれて。シネマのね、歌ってみたら残り
36,lxZPgnmdkok,243:17,に昨日の夜よなよな自分の歌聞いてなんか,,に昨日の夜よなよな自分の歌聞いてなんか,その他,0.5,に昨日の夜よなよな自分の歌聞いてなんか
37,lxZPgnmdkok,243:22,ちょっと歌うまくなったんじゃないかなと,,ちょっと歌うまくなったんじゃないかなと,その他,0.5,ちょっと歌うまくなったんじゃないかなと
38,lxZPgnmdkok,243:24,か思ってたわ。ミルチの歌も全部残しもう,,か思ってたわ。ミルチの歌も全部残しもう,その他,0.5,か思ってたわ。ミルチの歌も全部残しもう
39,lxZPgnmdkok,244:24,ミルチの曲仕事中ずっと来てた。え,,ミルチの曲仕事中ずっと来てた。え,その他,0.5,ミルチの曲仕事中ずっと来てた。え、
40,lxZPgnmdkok,244:47,これからおけ写真あげるか見て見ろ。ちょ,,これからおけ写真あげるか見て見ろ。ちょ,その他,0.5,これからおけ写真あげるか見て見ろ。ちょ
41,nQu5zkoTMLU,2:26,プロジェクトマイクラサーバーに、ま,,プロジェクトマイクラサーバーに、ま,その他,0.5,プロジェクトマイクラサーバーに、ま、
42,nQu5zkoTMLU,49:28,カソが違う。生徒千ひの曲ってなんだ,,カソが違う。生徒千ひの曲ってなんだ,その他,0.5,カソが違う。生徒千ひの曲ってなんだ?
43,nQu5zkoTMLU,124:34,もうふーふん。うわってやってカバーに,,もうふーふん。うわってやってカバーに,その他,0.5,もうふーふん。うわってやってカバーに
44,nQu5zkoTMLU,125:43,もらったアリスの財布をずっと使うたの。,,もらったアリスの財布をずっと使うたの。,その他,0.5,もらったアリスの財布をずっと使うたの。
45,nQu5zkoTMLU,169:13,ん。ちょ、私のオリジナルステージだ,,ん。ちょ、私のオリジナルステージだ,その他,0.5,うん。ちょ、私のオリジナルステージだ
46,nQu5zkoTMLU,179:04,なんか歌えたいよね。なんか歌わけにさ,,なんか歌えたいよね。なんか歌わけにさ,その他,0.5,なんか歌えたいよね。なんか歌わけにさ
47,nQu5zkoTMLU,180:21,それでは,,それでは,その他,0.5,それでは
48,nQu5zkoTMLU,181:17,リクエスト募集あそうこの後やります曲,,リクエスト募集あそうこの後やります曲,その他,0.5,リクエスト募集あそうこの後やります曲
49,nQu5zkoTMLU,181:19,リクエスト募集え覚醒のやつあけのおつつ,,リクエスト募集え覚醒のやつあけのおつつ,その他,0.5,リクエスト募集え覚醒のやつあけのおつつ
50,nQu5zkoTMLU,181:27,こんにちは皆さん、この後の曲リクエスト,,こんにちは皆さん、この後の曲リクエスト,その他,0.5,こんにちは皆さん、この後の曲リクエスト
51,utbk0nDUlLU,1:35,者から歌枠しちゃう。もう見えた。お,,者から歌枠しちゃう。もう見えた。お,その他,0.5,者から歌枠しちゃう。もう見えた。お、
52,utbk0nDUlLU,3:26,気づいから曲歌歌う。そうだよ。ちょ,,気づいから曲歌歌う。そうだよ。ちょ,その他,0.5,気づいから曲歌歌う。そうだよ。ちょ、
53,utbk0nDUlLU,3:29,最近の私の歌枠おかしいと思えませんか,,最近の私の歌枠おかしいと思えませんか,その他,0.5,最近の私の歌枠おかしいと思えませんか?
54,utbk0nDUlLU,3:38,歌いましょう,,歌いましょう,その他,0.5,歌いましょう。
55,utbk0nDUlLU,3:40,もっとたくさん歌いましょう。ミるみか,,もっとたくさん歌いましょう。ミるみか,その他,0.5,もっとたくさん歌いましょう。ミるみか
56,utbk0nDUlLU,3:46,局歌ってたじゃないですか。それが,,局歌ってたじゃないですか。それが,その他,0.5,、20局歌ってたじゃないですか。それが
57,utbk0nDUlLU,5:04,けどな。ポカポカしてきた。じゃあ歌おう,,けどな。ポカポカしてきた。じゃあ歌おう,その他,0.5,けどな。ポカポカしてきた。じゃあ歌おう
58,utbk0nDUlLU,5:08,か。はい、歌います。すいません。歌くっ,,か。はい、歌います。すいません。歌くっ,その他,0.7,か。はい、歌います。すいません。歌くっ
59,utbk0nDUlLU,5:11,て言ってね、歌わない詐欺はね、怒られ,,て言ってね、歌わない詐欺はね、怒られ,その他,0.5,て言ってね、歌わない詐欺はね、怒られ
60,utbk0nDUlLU,5:45,分で1局目歌おうとしてる。やばい,,分で1局目歌おうとしてる。やばい,その他,0.5,。6分で1局目歌おうとしてる。やばい。
61,utbk0nDUlLU,5:55,してチル歌枠となっております。皆さん,,してチル歌枠となっております。皆さん,その他,0.5,そしてチル歌枠となっております。皆さん
62,utbk0nDUlLU,6:10,局目歌い終わる前に押してください。よろしくお願いします,,局目歌い終わる前に押してください。よろしくお願いします,その他,0.5,局目歌い終わる前に押してください。よろしくお願いします。
63,utbk0nDUlLU,9:04,爆する。オライオ。絡めあった曲。オライオ,,爆する。オライオ。絡めあった曲。オライオ,その他,0.5,爆する。オライオ。絡めあった曲。オライオ。
64,utbk0nDUlLU,9:21,ナポリでした。ありがとうございました。よいしょ。いや、いいね。なんか久しぶりに歌ったかもしんないな。ナポレな,,ナポリでした。ありがとうございました。よいしょ。いや、いいね。なんか久しぶりに歌ったかもしんないな。ナポレな,その他,0.5,ナポリでした。ありがとうございました。よいしょ。いや、いいね。なんか久しぶりに歌ったかもしんないな。...
65,utbk0nDUlLU,9:54,ありがとう。こんばんは。昭和の歌は,,ありがとう。こんばんは。昭和の歌は,その他,0.5,ありがとう。こんばんは。昭和の歌は
66,utbk0nDUlLU,9:57,リクエストしてもいいですか?知ってるか,,リクエストしてもいいですか?知ってるか,その他,0.5,リクエストしてもいいですか?知ってるか
67,utbk0nDUlLU,9:59,な?ちょ知ってる曲だったら行けるかも,,な?ちょ知ってる曲だったら行けるかも,その他,0.5,な?ちょ知ってる曲だったら行けるかも
68,utbk0nDUlLU,10:24,ベイビー歌えますか?歌えないかも。も,,ベイビー歌えますか?歌えないかも。も,その他,0.5,ベイビー歌えますか?歌えないかも。も
69,utbk0nDUlLU,10:35,ドライブ行く時にずっとショアソング,,ドライブ行く時にずっとショアソング,その他,0.5,ドライブ行く時にずっとショアソング
70,utbk0nDUlLU,10:39,てるからね。昔の曲ちょっと詳しくなって,,てるからね。昔の曲ちょっと詳しくなって,その他,0.5,てるからね。昔の曲ちょっと詳しくなって
71,utbk0nDUlLU,10:42,きた。ミ一の方は中曲好き。本当嬉しい,,きた。ミ一の方は中曲好き。本当嬉しい,その他,0.5,きた。ミ一の方は中曲好き。本当嬉しい。
72,utbk0nDUlLU,11:11,嬉しいなと思います。ま、なんかチルの曲,,嬉しいなと思います。ま、なんかチルの曲,その他,0.5,嬉しいなと思います。ま、なんかチルの曲
73,utbk0nDUlLU,11:24,分かるかな?バウンディの曲ならま,,分かるかな?バウンディの曲ならま,その他,0.5,分かるかな?バウンディの曲ならま、
74,utbk0nDUlLU,11:35,バウンディを歌っとけば持てると思ってる,,バウンディを歌っとけば持てると思ってる,その他,0.5,バウンディを歌っとけば持てると思ってる
75,utbk0nDUlLU,11:37,節あるからな。うん。歌っちゃうもんな,,節あるからな。うん。歌っちゃうもんな,その他,0.5,節あるからな。うん。歌っちゃうもんな。
76,utbk0nDUlLU,11:44,に歌えてるぞ,,に歌えてるぞ,その他,0.5,に歌えてるぞ。
77,utbk0nDUlLU,16:10,女の子とカラオケにいたらバウンディーを,,女の子とカラオケにいたらバウンディーを,その他,0.5,女の子とカラオケにいたらバウンディーを
78,utbk0nDUlLU,16:12,歌おう。そもそも行けないか,,歌おう。そもそも行けないか,その他,0.5,歌おう。そもそも行けないか?
79,utbk0nDUlLU,16:39,ちょっと,,ちょっと,その他,0.5,背景に合わせて歌ったの?ちょ、ちょっと
80,utbk0nDUlLU,16:41,今日チル曲縛りだから背景を注力,,今日チル曲縛りだから背景を注力,その他,0.5,ね。は、今日チル曲縛りだから背景を注力
81,utbk0nDUlLU,17:14,ここ東京です。そうです。だから歌い,,ここ東京です。そうです。だから歌い,その他,0.5,。ここ東京です。そうです。だから歌い
82,utbk0nDUlLU,17:34,輝きでめ無チする歌やめてね。トテつけた,,輝きでめ無チする歌やめてね。トテつけた,その他,0.5,輝きでめ無チする歌やめてね。トテつけた
83,utbk0nDUlLU,17:57,待って。めっちゃいいペースで歌って,,待って。めっちゃいいペースで歌って,その他,0.5,、待って。めっちゃいいペースで歌って
84,utbk0nDUlLU,17:59,ない?歌ってこのペースだよね。みんな今,,ない?歌ってこのペースだよね。みんな今,その他,0.5,ない?歌ってこのペースだよね。みんな今
85,utbk0nDUlLU,21:22,ん。歌おっか,,ん。歌おっか,その他,0.5,うん。歌おっか。
86,utbk0nDUlLU,21:26,俺歌います。おいしょ,,俺歌います。おいしょ,その他,0.7,俺歌います。おいしょ。
87,utbk0nDUlLU,21:32,俺の好きな曲歌います,,俺の好きな曲歌います,その他,0.7,俺の好きな曲歌います。
88,utbk0nDUlLU,24:42,曲ちな活彩歌ってみて上がってます,,曲ちな活彩歌ってみて上がってます,その他,0.5,曲ちな活彩歌ってみて上がってます。
89,utbk0nDUlLU,26:14,欄に、あのね、中国、中国語で歌詞を翻訳,,欄に、あのね、中国、中国語で歌詞を翻訳,その他,0.5,欄に、あのね、中国、中国語で歌詞を翻訳
90,utbk0nDUlLU,26:55,ほら次の曲行っちゃう。こんばんは,,ほら次の曲行っちゃう。こんばんは,その他,0.5,ね。ほら次の曲行っちゃう。こんばんは。
91,utbk0nDUlLU,27:17,よし歌おう,,よし歌おう,その他,0.5,よし歌おう。
92,utbk0nDUlLU,27:19,今日はたくさん歌おうと思ってたくさん,,今日はたくさん歌おうと思ってたくさん,その他,0.5,今日はたくさん歌おうと思ってたくさん
93,utbk0nDUlLU,27:21,用意してきたんだから歌おう,,用意してきたんだから歌おう,その他,0.5,用意してきたんだから歌おう。
94,utbk0nDUlLU,27:24,これ歌います。おいしょ。ふふふふふふ,,これ歌います。おいしょ。ふふふふふふ,その他,0.7,これ歌います。おいしょ。ふふふふふふ
95,utbk0nDUlLU,28:20,がうたれた私に,,がうたれた私に,その他,0.5,がうたれた私に
96,utbk0nDUlLU,31:25,よね。おしゃれだよね、この曲。鼻水,,よね。おしゃれだよね、この曲。鼻水,その他,0.5,いいよね。おしゃれだよね、この曲。鼻水
97,utbk0nDUlLU,31:57,この調子のもう1曲いいすか,,この調子のもう1曲いいすか,その他,0.5,この調子のもう1曲いいすか?
98,utbk0nDUlLU,32:08,よし。あ、これ歌おっかな?あ、お母さん,,よし。あ、これ歌おっかな?あ、お母さん,その他,0.5,よし。あ、これ歌おっかな?あ、お母さん
99,utbk0nDUlLU,32:51,お母さがリクエスト来た。,,お母さがリクエスト来た。,その他,0.5,お母さがリクエスト来た。
100,utbk0nDUlLU,34:09,マジックで歌わせて今なら君のことが,,マジックで歌わせて今なら君のことが,その他,0.5,マジックで歌わせて今なら君のことが
101,utbk0nDUlLU,35:21,マジックで歌わせて。今なら君のことが,,マジックで歌わせて。今なら君のことが,その他,0.5,マジックで歌わせて。今なら君のことが
102,utbk0nDUlLU,35:53,になると思えたさの歌も今なら僕を,,になると思えたさの歌も今なら僕を,その他,0.5,になると思えたさの歌も今なら僕を
103,utbk0nDUlLU,36:10,ちょの夜ので恋や畑たけので歌わせて今なら君のことが分かるような気が,,ちょの夜ので恋や畑たけので歌わせて今なら君のことが分かるような気が,その他,0.5,ちょの夜ので恋や畑たけので歌わせて今なら君のことが分かるような気が
104,utbk0nDUlLU,36:55,にこの歌ま,,にこの歌ま,その他,0.5,にこの歌ま
105,utbk0nDUlLU,37:05,ララ歌わせてラわせてラわせてラわせてほ,,ララ歌わせてラわせてラわせてラわせてほ,その他,0.5,ララ歌わせてラわせてラわせてラわせてほ
106,utbk0nDUlLU,38:07,てください。5局歌えました。前回の歌枠,,てください。5局歌えました。前回の歌枠,その他,0.5,てください。5局歌えました。前回の歌枠
107,utbk0nDUlLU,38:23,褒めてみるみかちゃん今日はたくさん歌っ,,褒めてみるみかちゃん今日はたくさん歌っ,その他,0.5,褒めてみるみかちゃん今日はたくさん歌っ
108,utbk0nDUlLU,38:48,気分良くなっちゃったからもう歌っ,,気分良くなっちゃったからもう歌っ,その他,0.5,気分良くなっちゃったからもう歌っ
109,utbk0nDUlLU,39:04,あれ、今日歌仕様にしてないよな。まいっ,,あれ、今日歌仕様にしてないよな。まいっ,その他,0.5,あれ、今日歌仕様にしてないよな。まいっ
110,utbk0nDUlLU,39:30,客曲耐久だったか死ぬかも。そうミるかか,,客曲耐久だったか死ぬかも。そうミるかか,その他,0.5,客曲耐久だったか死ぬかも。そうミるかか
111,utbk0nDUlLU,40:01,けた。うん。ちょ歌っちゃうもんね,,けた。うん。ちょ歌っちゃうもんね,その他,0.5,けた。うん。ちょ歌っちゃうもんね。
112,utbk0nDUlLU,40:05,僕歌っちゃうもんね,,僕歌っちゃうもんね,その他,0.5,僕歌っちゃうもんね。
113,utbk0nDUlLU,45:15,綾瀬の曲いいよね。難しいけど,,綾瀬の曲いいよね。難しいけど,その他,0.5,いいね。綾瀬の曲いいよね。難しいけど。
114,utbk0nDUlLU,45:20,みんなはカラオケ行ったら何歌えますか,,みんなはカラオケ行ったら何歌えますか,その他,0.5,みんなはカラオケ行ったら何歌えますか?
115,utbk0nDUlLU,45:24,ミルチは大体ボカロかKPをよく歌えます,,ミルチは大体ボカロかKPをよく歌えます,Vocaloid,0.5,ミルチは大体ボカロかKPをよく歌えます
116,utbk0nDUlLU,45:34,歌うと気まずくなるんだよね。この曲,,歌うと気まずくなるんだよね。この曲,その他,0.5,ね、歌うと気まずくなるんだよね。この曲
117,utbk0nDUlLU,45:40,歌行く相手によって合わせて帰るよね,,歌行く相手によって合わせて帰るよね,その他,0.5,歌行く相手によって合わせて帰るよね。
118,utbk0nDUlLU,45:44,少集力の歌。少集歴,,少集力の歌。少集歴,その他,0.5,少集力の歌。少集歴
119,utbk0nDUlLU,45:52,ちのおれんちゃんあれ歌うから。イスの,,ちのおれんちゃんあれ歌うから。イスの,その他,0.5,うちのおれんちゃんあれ歌うから。イスの
120,utbk0nDUlLU,45:57,うちのお姉ちゃんカラオケで椅ズの,,うちのお姉ちゃんカラオケで椅ズの,その他,0.5,うちのお姉ちゃんカラオケで椅ズの
121,utbk0nDUlLU,45:59,トラック歌うからいつまでも,,トラック歌うからいつまでも,その他,0.5,トラック歌うからいつまでも
122,utbk0nDUlLU,46:04,君がよ出た。カラオケで君がよ歌うやつ,,君がよ出た。カラオケで君がよ歌うやつ,その他,0.5,君がよ出た。カラオケで君がよ歌うやつ
123,utbk0nDUlLU,46:09,歌ったことないな君がよ。カオケで,,歌ったことないな君がよ。カオケで,その他,0.5,歌ったことないな君がよ。カオケで
124,utbk0nDUlLU,46:27,が効くからさ、カラオケに生えてないこと,,が効くからさ、カラオケに生えてないこと,その他,0.5,が効くからさ、カラオケに生えてないこと
125,utbk0nDUlLU,46:32,ええ、みんなそんな変な歌ばっか歌うの,,ええ、みんなそんな変な歌ばっか歌うの,その他,0.5,ええ、みんなそんな変な歌ばっか歌うの?
126,utbk0nDUlLU,46:55,モて,,モて,その他,0.5,よ。シナりんごカラオケで歌う女はモて
127,utbk0nDUlLU,47:01,どうなんですか?カラオケでシなりんご,,どうなんですか?カラオケでシなりんご,その他,0.5,どうなんですか?カラオケでシなりんご
128,utbk0nDUlLU,47:04,歌われたらこいつなかなかやるなってなる,,歌われたらこいつなかなかやるなってなる,その他,0.5,歌われたらこいつなかなかやるなってなる
129,utbk0nDUlLU,47:10,よ。ヨの歌。お前らな,,よ。ヨの歌。お前らな,その他,0.5,よ。ヨの歌。お前らな。
130,utbk0nDUlLU,47:14,お前らなんかまともな曲歌わんかい,,お前らなんかまともな曲歌わんかい,その他,0.5,お前らなんかまともな曲歌わんかい。
131,utbk0nDUlLU,47:22,渋いか。なんかもっと最近の曲とかないん,,渋いか。なんかもっと最近の曲とかないん,その他,0.5,渋いか。なんかもっと最近の曲とかないん
132,utbk0nDUlLU,47:30,え、渋えだろ?歌。少力の歌。うん。君,,え、渋えだろ?歌。少力の歌。うん。君,その他,0.5,え、渋えだろ?歌。少力の歌。うん。君
133,utbk0nDUlLU,47:42,僕らも歌うよ。おい、何歌んの?え、で,,僕らも歌うよ。おい、何歌んの?え、で,その他,0.5,僕らも歌うよ。おい、何歌んの?え、で、
134,utbk0nDUlLU,47:48,を振ってるうちに次の曲を用意するという,,を振ってるうちに次の曲を用意するという,その他,0.5,を振ってるうちに次の曲を用意するという
135,utbk0nDUlLU,48:09,すねちゃったもんね。もう歌っちゃうから,,すねちゃったもんね。もう歌っちゃうから,その他,0.5,すねちゃったもんね。もう歌っちゃうから
136,utbk0nDUlLU,48:29,流れ流れてもらっていいすか?曲流れて,,流れ流れてもらっていいすか?曲流れて,その他,0.5,。流れ流れてもらっていいすか?曲流れて
137,utbk0nDUlLU,52:42,用意してきた曲が,,用意してきた曲が,その他,0.5,歌ったから、えっと、用意してきた曲が
138,utbk0nDUlLU,53:13,けど、エモそうな曲歌うか,,けど、エモそうな曲歌うか,その他,0.5,けど、エモそうな曲歌うか。
139,utbk0nDUlLU,53:19,曲歌ってか重ま増ししたい。なんかいいの,,曲歌ってか重ま増ししたい。なんかいいの,その他,0.5,曲歌ってか重ま増ししたい。なんかいいの
140,utbk0nDUlLU,53:26,えっと、今日練習してきてない曲歌います,,えっと、今日練習してきてない曲歌います,その他,0.7,えっと、今日練習してきてない曲歌います
141,utbk0nDUlLU,53:29,つも私ね、歌枠やる前はね、全部ね,,つも私ね、歌枠やる前はね、全部ね,その他,0.5,。いつも私ね、歌枠やる前はね、全部ね、
142,utbk0nDUlLU,53:33,曲ね、1回歌ってくるんだ。えらいでしょ,,曲ね、1回歌ってくるんだ。えらいでしょ,その他,0.5,曲ね、1回歌ってくるんだ。えらいでしょ
143,utbk0nDUlLU,53:37,でも急遽歌うから,,でも急遽歌うから,その他,0.5,。でも急遽歌うから。
144,utbk0nDUlLU,56:27,この曲めっちゃMVおしゃれでさ、あの,,この曲めっちゃMVおしゃれでさ、あの,その他,0.5,この曲めっちゃMVおしゃれでさ、あの
145,utbk0nDUlLU,56:59,おし。そうね。歌枠ってなんか自分の好き,,おし。そうね。歌枠ってなんか自分の好き,その他,0.5,おし。そうね。歌枠ってなんか自分の好き
146,utbk0nDUlLU,57:02,な曲をみんなに不教できるから嬉しいよね,,な曲をみんなに不教できるから嬉しいよね,その他,0.5,な曲をみんなに不教できるから嬉しいよね
147,utbk0nDUlLU,57:11,ちょっとハイテ舗歌モードに入ったぞ,,ちょっとハイテ舗歌モードに入ったぞ,その他,0.5,ちょっとハイテ舗歌モードに入ったぞ。
148,utbk0nDUlLU,57:14,ミルチの歌のギがバーン。よし、歌うぞ,,ミルチの歌のギがバーン。よし、歌うぞ,その他,0.5,ミルチの歌のギがバーン。よし、歌うぞ。
149,utbk0nDUlLU,57:22,歌っちゃうもんね。たないから勝ったの君しかいないとか言ってよ,,歌っちゃうもんね。たないから勝ったの君しかいないとか言ってよ,その他,0.5,歌っちゃうもんね。たないから勝ったの君しかいないとか言ってよ。
150,utbk0nDUlLU,61:48,わかんないことばかり言うたのかもしれ,,わかんないことばかり言うたのかもしれ,その他,0.5,わかんないことばかり言うたのかもしれ
151,utbk0nDUlLU,62:09,ところでく。次の曲しかね。豚カビです,,ところでく。次の曲しかね。豚カビです,その他,0.5,ところでく。次の曲しかね。豚カビです。
152,utbk0nDUlLU,62:23,ない曲を。えもええ,,ない曲を。えもええ,その他,0.5,ない曲を。えもええ。
153,utbk0nDUlLU,62:43,おいしょよしよしょ。ほら持ち曲腹,,おいしょよしよしょ。ほら持ち曲腹,その他,0.5,おいしょよしよしょ。ほら持ち曲腹
154,utbk0nDUlLU,62:52,歌えますわ。うん。おしゃれな曲歌います,,歌えますわ。うん。おしゃれな曲歌います,その他,0.7,歌えますわ。うん。おしゃれな曲歌います
155,utbk0nDUlLU,62:54,おしゃれな曲今から歌います,,おしゃれな曲今から歌います,その他,0.7,。はい。おしゃれな曲今から歌います。
156,utbk0nDUlLU,63:09,それでは、滑舌がおぼちつかない,,それでは、滑舌がおぼちつかない,その他,0.5,それでは、滑舌がおぼちつかない
157,utbk0nDUlLU,67:03,よいしょ。偉い。今日たくさん歌って,,よいしょ。偉い。今日たくさん歌って,その他,0.5,よいしょ。偉い。今日たくさん歌って。
158,utbk0nDUlLU,67:50,言いたい。ほなら歌います,,言いたい。ほなら歌います,その他,0.7,言いたい。ほなら歌います。
159,utbk0nDUlLU,71:46,の歌枠で歌いましたね。たくさんダ幕も,,の歌枠で歌いましたね。たくさんダ幕も,その他,0.5,の歌枠で歌いましたね。たくさんダ幕も
160,utbk0nDUlLU,72:50,ズカズカどんどかぼちゃごちゃ歌っちゃう,,ズカズカどんどかぼちゃごちゃ歌っちゃう,その他,0.5,ズカズカどんどかぼちゃごちゃ歌っちゃう
161,utbk0nDUlLU,73:47,よいしょ。今ね、歌の準備してんだけど,,よいしょ。今ね、歌の準備してんだけど,その他,0.5,。よいしょ。今ね、歌の準備してんだけど
162,utbk0nDUlLU,78:51,バグも治ってきたんで歌えますわ,,バグも治ってきたんで歌えますわ,その他,0.5,。バグも治ってきたんで歌えますわ。
163,utbk0nDUlLU,80:35,僕もザンオフして元に戻ってリラックスミックスリミックス本当の君を見た戻れない戻れないなんて素敵なシャトやのハライトもフミフミ,,僕もザンオフして元に戻ってリラックスミックスリミックス本当の君を見た戻れない戻れないなんて素敵なシャトやのハライトもフミフミ,その他,0.5,僕もザンオフして元に戻ってリラックスミックスリミックス本当の君を見た戻れない戻れないなんて素敵なシャ...
164,utbk0nDUlLU,83:03,おいしょ。やばい。用意してきて曲が残り,,おいしょ。やばい。用意してきて曲が残り,その他,0.5,おいしょ。やばい。用意してきて曲が残り
165,utbk0nDUlLU,83:32,なんかエモいエモい曲。あ、これエモいや,,なんかエモいエモい曲。あ、これエモいや,その他,0.5,なんかエモいエモい曲。あ、これエモいや
166,utbk0nDUlLU,83:35,これ散るいやん。今日チル曲多めて,,これ散るいやん。今日チル曲多めて,その他,0.5,。これ散るいやん。今日チル曲多めて
167,utbk0nDUlLU,83:45,歌いますか?歌いましょうぞ。小前の滑舌,,歌いますか?歌いましょうぞ。小前の滑舌,その他,0.7,歌いますか?歌いましょうぞ。小前の滑舌
168,utbk0nDUlLU,84:05,ほい。歌いますか,,ほい。歌いますか,その他,0.7,ほい。歌いますか?
169,utbk0nDUlLU,84:09,なんて今日は歌うですからね。うん。愛を,,なんて今日は歌うですからね。うん。愛を,その他,0.5,なんて今日は歌うですからね。うん。愛を
170,utbk0nDUlLU,88:17,何の曲歌おうかの?誰に愛を伝えたいの,,何の曲歌おうかの?誰に愛を伝えたいの,その他,0.5,何の曲歌おうかの?誰に愛を伝えたいの?
171,utbk0nDUlLU,89:08,歌えますよ,,歌えますよ,その他,0.5,歌えますよ。
172,utbk0nDUlLU,89:13,やばい。こんなにたくさん歌ったの,,やばい。こんなにたくさん歌ったの,その他,0.5,やばい。こんなにたくさん歌ったの
173,utbk0nDUlLU,94:06,よいしょ。いいね。上展開の曲だよ。上域,,よいしょ。いいね。上展開の曲だよ。上域,その他,0.5,よいしょ。いいね。上展開の曲だよ。上域
174,utbk0nDUlLU,95:34,これ歌いたいでこすあるかな,,これ歌いたいでこすあるかな,その他,0.7,え、次の曲はこれ歌いたいでこすあるかな
175,utbk0nDUlLU,95:54,歌っちゃうぞ,,歌っちゃうぞ,その他,0.5,歌っちゃうぞ。
176,utbk0nDUlLU,100:42,これ歌おうと思ったのにカラオケがない,,これ歌おうと思ったのにカラオケがない,その他,0.5,これ歌おうと思ったのにカラオケがない。
177,utbk0nDUlLU,100:47,ちょパチパチありがとう。今う曲を,,ちょパチパチありがとう。今う曲を,その他,0.5,うちょパチパチありがとう。今う曲を
178,utbk0nDUlLU,100:54,?チルだっけ?エモだっけ?エモ曲縛り,,?チルだっけ?エモだっけ?エモ曲縛り,その他,0.5,?チルだっけ?エモだっけ?エモ曲縛り
179,utbk0nDUlLU,100:56,チる曲縛りうーん。ま、ミルチがチるって,,チる曲縛りうーん。ま、ミルチがチるって,その他,0.5,チる曲縛りうーん。ま、ミルチがチるって
180,utbk0nDUlLU,101:11,チかわかんないけど歌っちゃおっかな,,チかわかんないけど歌っちゃおっかな,その他,0.5,チかわかんないけど歌っちゃおっかな。
181,utbk0nDUlLU,101:16,ちょっと続けて歌っちゃおっかな,,ちょっと続けて歌っちゃおっかな,その他,0.5,ちょっと続けて歌っちゃおっかな。
182,utbk0nDUlLU,101:19,カラクリピアル歌ってたしね。これも歌え,,カラクリピアル歌ってたしね。これも歌え,その他,0.5,カラクリピアル歌ってたしね。これも歌え
183,utbk0nDUlLU,105:44,ちょっとアップ店舗な曲からちょっと,,ちょっとアップ店舗な曲からちょっと,その他,0.5,ちょっとアップ店舗な曲からちょっと
184,utbk0nDUlLU,105:51,チルだしね。まったりの曲もいいでしょ,,チルだしね。まったりの曲もいいでしょ,その他,0.5,チルだしね。まったりの曲もいいでしょ。
185,utbk0nDUlLU,106:03,たくさんポチポチありがとう。始まる曲が,,たくさんポチポチありがとう。始まる曲が,その他,0.5,たくさんポチポチありがとう。始まる曲が
186,utbk0nDUlLU,106:30,引けなくなっても心の歌は君で溢れている,,引けなくなっても心の歌は君で溢れている,その他,0.5,引けなくなっても心の歌は君で溢れている
187,utbk0nDUlLU,106:39,歌えない。それでも名付きながら一緒に,,歌えない。それでも名付きながら一緒に,その他,0.5,歌えない。それでも名付きながら一緒に
188,utbk0nDUlLU,106:43,歌ってくれるかな?我ばかりの拍手も,,歌ってくれるかな?我ばかりの拍手も,その他,0.5,歌ってくれるかな?我ばかりの拍手も
189,utbk0nDUlLU,110:24,じゃ、なんかゆったり夢の曲、もう1曲,,じゃ、なんかゆったり夢の曲、もう1曲,その他,0.5,じゃ、なんかゆったり夢の曲、もう1曲
190,utbk0nDUlLU,110:26,歌えたなと思ったけど、なんかパッと,,歌えたなと思ったけど、なんかパッと,その他,0.5,歌えたなと思ったけど、なんかパッと
191,utbk0nDUlLU,110:40,ちょ、ゆったり目の曲、もう1曲いいん,,ちょ、ゆったり目の曲、もう1曲いいん,その他,0.5,ちょ、ゆったり目の曲、もう1曲いいん
192,utbk0nDUlLU,116:49,裏話。実はニルチはビバププロジェクトに,,裏話。実はニルチはビバププロジェクトに,その他,0.5,裏話。実はニルチはビバププロジェクトに
193,utbk0nDUlLU,117:05,というパロディをやりながら君の生の歌を,,というパロディをやりながら君の生の歌を,その他,0.5,というパロディをやりながら君の生の歌を
194,utbk0nDUlLU,117:07,歌いました,,歌いました,その他,0.5,歌いました。
195,utbk0nDUlLU,117:38,それではそん時の映像を見ていただき,,それではそん時の映像を見ていただき,その他,0.5,それではそん時の映像を見ていただき
196,utbk0nDUlLU,123:21,この曲を好きなのうつのおかけです。え,,この曲を好きなのうつのおかけです。え,その他,0.5,この曲を好きなのうつのおかけです。え、
197,utbk0nDUlLU,123:41,ちょ、歌えるかわかんないけど難しい曲,,ちょ、歌えるかわかんないけど難しい曲,その他,0.5,ちょ、歌えるかわかんないけど難しい曲
198,utbk0nDUlLU,123:43,歌っていい,,歌っていい,その他,0.5,歌っていい?
199,utbk0nDUlLU,123:45,難しくて練習中の曲歌っていい,,難しくて練習中の曲歌っていい,その他,0.5,難しくて練習中の曲歌っていい?
200,utbk0nDUlLU,123:50,けどありがとう。歌歌うねえ,,けどありがとう。歌歌うねえ,その他,0.5,けどありがとう。歌歌うねえ
201,utbk0nDUlLU,129:18,たくさん歌った後のお金の音幸せ。え,,たくさん歌った後のお金の音幸せ。え,その他,0.5,たくさん歌った後のお金の音幸せ。え、
202,utbk0nDUlLU,130:29,流します。本日は長時間俺の歌に付き合っ,,流します。本日は長時間俺の歌に付き合っ,その他,0.5,流します。本日は長時間俺の歌に付き合っ
203,utbk0nDUlLU,130:33,てくれてありがとう。もっと歌うまく,,てくれてありがとう。もっと歌うまく,その他,0.5,てくれてありがとう。もっと歌うまく
204,utbk0nDUlLU,130:35,なれるように承人いたします。それでは、,,なれるように承人いたします。それでは、,その他,0.5,なれるように承人いたします。それでは、
205,utbk0nDUlLU,131:02,エンディング何だと思う?俺のオリジナル,,エンディング何だと思う?俺のオリジナル,その他,0.5,エンディング何だと思う?俺のオリジナル
206,utbk0nDUlLU,131:05,ラップ曲。ジャムシグナルのやつなんだよ,,ラップ曲。ジャムシグナルのやつなんだよ,その他,0.5,ラップ曲。ジャムシグナルのやつなんだよ
207,utbk0nDUlLU,132:10,マバイヒーローツイタリアン出た曲そうな,,マバイヒーローツイタリアン出た曲そうな,その他,0.5,マバイヒーローツイタリアン出た曲そうな
