No,開始時間,終了時間,長さ(分),内容,信頼度,YouTubeリンク
1,0:00,1:30,1.5,せーJa. [音楽],0.80,https://www.youtube.com/watch?v=pNIpCr03_nQ&t=0
2,1:30,2:34,1.1,夜配信で声が晴れないことについて,0.70,https://www.youtube.com/watch?v=pNIpCr03_nQ&t=90
3,2:34,3:20,0.8,お祝いコメントへの返答,0.80,https://www.youtube.com/watch?v=pNIpCr03_nQ&t=154
4,3:20,3:55,0.6,12時間配信についての説明,0.70,https://www.youtube.com/watch?v=pNIpCr03_nQ&t=200
5,3:55,4:01,0.1,やっぱみんなのコメントがね、あの大事に なってきますよということですわね,1.00,https://www.youtube.com/watch?v=pNIpCr03_nQ&t=235
6,4:01,5:01,1.0,お祝いコメントへの返答,0.80,https://www.youtube.com/watch?v=pNIpCr03_nQ&t=241
7,5:01,5:21,0.3,お祝いコメントへの返答,0.80,https://www.youtube.com/watch?v=pNIpCr03_nQ&t=301
8,5:21,5:22,0.0,お祝いコメントへの返答,0.80,https://www.youtube.com/watch?v=pNIpCr03_nQ&t=321
9,5:22,6:24,1.0,お祝いコメントへの返答,0.80,https://www.youtube.com/watch?v=pNIpCr03_nQ&t=322
10,6:24,7:24,1.0,半年記念配信についての話,0.80,https://www.youtube.com/watch?v=pNIpCr03_nQ&t=384
11,7:24,8:24,1.0,デビュー半年おめでとうのコメントについて,0.70,https://www.youtube.com/watch?v=pNIpCr03_nQ&t=444
12,8:24,9:26,1.0,お祝いコメントへの返答,0.70,https://www.youtube.com/watch?v=pNIpCr03_nQ&t=504
13,9:26,10:28,1.0,あ、島まで待つ。ナイス。 りうかちゃんの声で寝るってことはそい ねってこと。いえ、違います。1人で寝て ください。1人で寝てください。それから 家族と寝て...,0.80,https://www.youtube.com/watch?v=pNIpCr03_nQ&t=566
14,10:28,10:31,0.1,のキモいコメントの比率が高くなってきて,0.80,https://www.youtube.com/watch?v=pNIpCr03_nQ&t=628
15,10:31,10:33,0.0,さ、最初はね、1人がなんかベラボに,0.70,https://www.youtube.com/watch?v=pNIpCr03_nQ&t=631
16,10:33,11:29,0.9,キモいコメントするだけだったんだけど、 あの周りもね、なんかされ始めて影響され 始めてあとなんかリアカに暴言図れた...,0.80,https://www.youtube.com/watch?v=pNIpCr03_nQ&t=633
17,11:29,11:37,0.1,するとさすがに気になるレベルの多さだっ たから,0.90,https://www.youtube.com/watch?v=pNIpCr03_nQ&t=689
18,11:37,12:33,0.9,なわけでレイナさんへのお礼,0.80,https://www.youtube.com/watch?v=pNIpCr03_nQ&t=697
19,12:33,13:00,0.5,最初はね、1人がね、なんかベラボ にキモいこと言い始めたんだよね,0.70,https://www.youtube.com/watch?v=pNIpCr03_nQ&t=753
20,13:00,14:01,1.0,のVTuberさんへのお礼,0.80,https://www.youtube.com/watch?v=pNIpCr03_nQ&t=780
21,14:01,14:41,0.7,好きな音楽について,0.80,https://www.youtube.com/watch?v=pNIpCr03_nQ&t=841
22,14:41,15:15,0.6,さん、キモいコメントしたことないじゃん,0.80,https://www.youtube.com/watch?v=pNIpCr03_nQ&t=881
23,15:15,15:17,0.0,キモいコメント自体龍かをやめろとは言わ,0.80,https://www.youtube.com/watch?v=pNIpCr03_nQ&t=915
24,15:17,15:20,0.1,みんなあのコメントしたい,1.00,https://www.youtube.com/watch?v=pNIpCr03_nQ&t=917
25,15:20,15:26,0.1,ようにコメントはして欲しいんだけど,1.00,https://www.youtube.com/watch?v=pNIpCr03_nQ&t=920
26,15:26,15:34,0.1,ところでね、よろしくお願いしますね,0.90,https://www.youtube.com/watch?v=pNIpCr03_nQ&t=926
27,15:34,15:46,0.2,お祝いコメントへの返答,1.00,https://www.youtube.com/watch?v=pNIpCr03_nQ&t=934
28,15:46,16:19,0.5,暴言と気書コメント聞くのが当たり前に なってしまったね,0.80,https://www.youtube.com/watch?v=pNIpCr03_nQ&t=946
29,16:19,17:09,0.8,そもそも俺のコメント両的に 10回に1回でも結構多くなるぞ,0.80,https://www.youtube.com/watch?v=pNIpCr03_nQ&t=979
30,17:09,18:00,0.8,あのみんなのキモいコメントによって磨か れた反射神経とパワーだよね,0.80,https://www.youtube.com/watch?v=pNIpCr03_nQ&t=1029
31,18:00,18:06,0.1,なんかみんなのコメントの自由もなるべく 失わずにかつ龍かも龍かもやりやすいよう,0.80,https://www.youtube.com/watch?v=pNIpCr03_nQ&t=1080
32,18:06,19:08,1.0,お祝いコメントへの返答,0.80,https://www.youtube.com/watch?v=pNIpCr03_nQ&t=1086
33,19:08,19:41,0.6,半年記念配信についての話,0.80,https://www.youtube.com/watch?v=pNIpCr03_nQ&t=1148
34,19:41,19:43,0.0,コメントいざなんか初見さんがあの,0.80,https://www.youtube.com/watch?v=pNIpCr03_nQ&t=1181
35,19:43,20:01,0.3,のVTuberさんへの返答,0.80,https://www.youtube.com/watch?v=pNIpCr03_nQ&t=1183
36,20:01,20:40,0.7,のVTuberさんへの返答,0.80,https://www.youtube.com/watch?v=pNIpCr03_nQ&t=1201
37,20:40,20:49,0.1,関連付けてコメントするのだから、だから もう遊戯王を遊戯王ネタをもうそういう,0.80,https://www.youtube.com/watch?v=pNIpCr03_nQ&t=1240
38,20:49,21:46,1.0,音楽全般の話,0.80,https://www.youtube.com/watch?v=pNIpCr03_nQ&t=1249
39,21:46,21:55,0.2,コメントに優しくすると調子乗ってあの エスカレートするから収集つかなくなる から,0.80,https://www.youtube.com/watch?v=pNIpCr03_nQ&t=1306
40,21:55,22:34,0.7,優しくしないキモいコメントに,0.80,https://www.youtube.com/watch?v=pNIpCr03_nQ&t=1315
41,22:34,22:41,0.1,キモいコメントたちよね,1.00,https://www.youtube.com/watch?v=pNIpCr03_nQ&t=1354
42,22:41,22:56,0.2,りかの配信のコメントを 基準にしたら本当に予想でやっていけない からね,1.00,https://www.youtube.com/watch?v=pNIpCr03_nQ&t=1361
43,22:56,23:23,0.5,龍かの枠にしかコメントしません,0.80,https://www.youtube.com/watch?v=pNIpCr03_nQ&t=1376
44,23:23,23:55,0.5,一生キモいコメントするんだったらban かもしんないけど一旦話聞きたい,0.80,https://www.youtube.com/watch?v=pNIpCr03_nQ&t=1403
45,23:55,24:30,0.6,9時半に告知があるんでした,0.70,https://www.youtube.com/watch?v=pNIpCr03_nQ&t=1435
46,24:30,24:36,0.1,あ、これさ、このコメントさ、龍が確か いつの配信だったっけかな?結構昔の配信,1.00,https://www.youtube.com/watch?v=pNIpCr03_nQ&t=1470
47,24:36,24:49,0.2,にコメントついてて返した気がするんだよ な,1.00,https://www.youtube.com/watch?v=pNIpCr03_nQ&t=1476
48,24:49,25:26,0.6,コメントへのお礼,0.80,https://www.youtube.com/watch?v=pNIpCr03_nQ&t=1489
49,25:26,26:17,0.8,それかともさんへの返答,0.80,https://www.youtube.com/watch?v=pNIpCr03_nQ&t=1526
50,26:17,26:57,0.7,お祝いコメントへの返答,0.80,https://www.youtube.com/watch?v=pNIpCr03_nQ&t=1577
51,26:57,27:59,1.0,デビュー半年おめでとうのコメントについて,0.80,https://www.youtube.com/watch?v=pNIpCr03_nQ&t=1617
52,27:59,28:52,0.9,12時間配信についての説明,0.80,https://www.youtube.com/watch?v=pNIpCr03_nQ&t=1679
53,28:52,29:55,1.0,音楽全般の話,0.80,https://www.youtube.com/watch?v=pNIpCr03_nQ&t=1732
54,29:55,30:01,0.1,よさんへのお礼,0.90,https://www.youtube.com/watch?v=pNIpCr03_nQ&t=1795
55,30:01,30:15,0.2,、コメント読み飛ばしたりしてないよね,1.00,https://www.youtube.com/watch?v=pNIpCr03_nQ&t=1801
56,30:15,31:19,1.1,デビュー半年おめでとうのコメントについて,0.80,https://www.youtube.com/watch?v=pNIpCr03_nQ&t=1815
57,31:19,32:20,1.0,半年記念配信についての話,0.80,https://www.youtube.com/watch?v=pNIpCr03_nQ&t=1879
58,32:20,33:24,1.1,音楽全般の話,0.80,https://www.youtube.com/watch?v=pNIpCr03_nQ&t=1940
59,33:24,34:27,1.1,じゃお次ホログラム カンバッチ,0.80,https://www.youtube.com/watch?v=pNIpCr03_nQ&t=2004
60,34:27,35:02,0.6,音楽全般の話,0.80,https://www.youtube.com/watch?v=pNIpCr03_nQ&t=2067
61,35:02,35:25,0.4,デビュー半年おめでとうのコメントについて,0.70,https://www.youtube.com/watch?v=pNIpCr03_nQ&t=2102
62,35:25,36:26,1.0,ちなみにこの配信の概要欄 にもブースのURL貼っておりますのでね 、 飛んでみてください,0.80,https://www.youtube.com/watch?v=pNIpCr03_nQ&t=2125
63,36:26,37:31,1.1,タペストリーにしました,0.70,https://www.youtube.com/watch?v=pNIpCr03_nQ&t=2186
64,37:31,38:34,1.1,音楽全般の話,0.80,https://www.youtube.com/watch?v=pNIpCr03_nQ&t=2251
65,38:34,39:34,1.0,あ、でもあ、グッズねってならない,0.70,https://www.youtube.com/watch?v=pNIpCr03_nQ&t=2314
66,39:34,40:37,1.0,今すぐ買わなくていいんだよ,0.70,https://www.youtube.com/watch?v=pNIpCr03_nQ&t=2374
67,40:37,41:40,1.1,音楽全般の話,0.80,https://www.youtube.com/watch?v=pNIpCr03_nQ&t=2437
68,41:40,42:25,0.7,お祝いコメントへの返答,0.70,https://www.youtube.com/watch?v=pNIpCr03_nQ&t=2500
69,42:25,43:26,1.0,半年記念配信についての話,0.80,https://www.youtube.com/watch?v=pNIpCr03_nQ&t=2545
70,43:26,44:03,0.6,半年記念配信についての話,0.80,https://www.youtube.com/watch?v=pNIpCr03_nQ&t=2606
71,44:03,45:06,1.0,わいレベルか。 悪くないね。 龍カのイオカルリスナーユステッカーって ことか。どういうこと?あ、強い。あ、 龍カが強いってことね。 そう、みんながあの龍カ...,0.70,https://www.youtube.com/watch?v=pNIpCr03_nQ&t=2643
72,45:06,46:07,1.0,デビュー半年おめでとうのコメントについて,0.70,https://www.youtube.com/watch?v=pNIpCr03_nQ&t=2706
73,46:07,47:08,1.0,半年記念配信についての話,0.70,https://www.youtube.com/watch?v=pNIpCr03_nQ&t=2767
74,47:08,47:42,0.6,音楽全般の話,1.00,https://www.youtube.com/watch?v=pNIpCr03_nQ&t=2828
75,47:42,48:44,1.0,今回はね、あの セーラーワンピではない,0.70,https://www.youtube.com/watch?v=pNIpCr03_nQ&t=2862
76,48:44,49:46,1.0,音楽全般の話,0.80,https://www.youtube.com/watch?v=pNIpCr03_nQ&t=2924
77,49:46,50:50,1.1,音楽全般の話,0.80,https://www.youtube.com/watch?v=pNIpCr03_nQ&t=2986
78,50:50,51:53,1.0,お祝いコメントへの返答,0.70,https://www.youtube.com/watch?v=pNIpCr03_nQ&t=3050
79,51:53,51:55,0.0,ちゃって平気?平気じゃないよね,0.90,https://www.youtube.com/watch?v=pNIpCr03_nQ&t=3113
80,51:55,52:55,1.0,もう我慢できなくってこんなコメントし ちゃってるんだもん,0.80,https://www.youtube.com/watch?v=pNIpCr03_nQ&t=3115
81,52:55,53:06,0.2,チェる時にやってもらえばいいのでは? もしあの1対1のあのおしりができるあれ,0.90,https://www.youtube.com/watch?v=pNIpCr03_nQ&t=3175
82,53:06,53:13,0.1,がもし今回もね酒井さんおしべりするって なるんだったらそこでやってもらおうかな,0.90,https://www.youtube.com/watch?v=pNIpCr03_nQ&t=3186
83,53:13,53:45,0.5,ジャンプするおっさんへの返答,0.80,https://www.youtube.com/watch?v=pNIpCr03_nQ&t=3193
84,53:45,54:48,1.1,音楽全般の話,0.80,https://www.youtube.com/watch?v=pNIpCr03_nQ&t=3225
85,54:48,55:49,1.0,音楽全般の話,0.80,https://www.youtube.com/watch?v=pNIpCr03_nQ&t=3288
86,55:49,56:33,0.7,音楽全般の話,0.80,https://www.youtube.com/watch?v=pNIpCr03_nQ&t=3349
87,56:33,57:33,1.0,音楽全般の話,0.80,https://www.youtube.com/watch?v=pNIpCr03_nQ&t=3393
88,57:33,58:34,1.0,音楽全般の話,0.80,https://www.youtube.com/watch?v=pNIpCr03_nQ&t=3453
89,58:34,59:36,1.0,歌配信についての話,0.80,https://www.youtube.com/watch?v=pNIpCr03_nQ&t=3514
90,59:36,1:00:41,1.1,打ち付けて あれだね,0.70,https://www.youtube.com/watch?v=pNIpCr03_nQ&t=3576
91,1:00:41,1:01:46,1.1,1時間配信についての説明,0.80,https://www.youtube.com/watch?v=pNIpCr03_nQ&t=3641
92,1:01:46,1:02:50,1.1,1時間配信についての説明,0.80,https://www.youtube.com/watch?v=pNIpCr03_nQ&t=3706
93,1:02:50,1:03:50,1.0,デビュー半年おめでとうのコメントについて,0.80,https://www.youtube.com/watch?v=pNIpCr03_nQ&t=3770
94,1:03:50,1:04:57,1.1,お祝いコメントへの返答,0.80,https://www.youtube.com/watch?v=pNIpCr03_nQ&t=3830
95,1:04:57,1:05:59,1.0,お祝いコメントへの返答,0.80,https://www.youtube.com/watch?v=pNIpCr03_nQ&t=3897
96,1:05:59,1:06:17,0.3,よいしょ、よいしょ、よいしょ,0.90,https://www.youtube.com/watch?v=pNIpCr03_nQ&t=3959
97,1:06:17,1:06:20,0.1,コメント欄の加速にもなるから,1.00,https://www.youtube.com/watch?v=pNIpCr03_nQ&t=3977
98,1:06:20,1:07:23,1.1,お祝いコメントへの返答,0.80,https://www.youtube.com/watch?v=pNIpCr03_nQ&t=3980
99,1:07:23,1:08:05,0.7,お祝いコメントへの返答,0.80,https://www.youtube.com/watch?v=pNIpCr03_nQ&t=4043
100,1:08:05,1:09:06,1.0,お祝いコメントへの返答,0.80,https://www.youtube.com/watch?v=pNIpCr03_nQ&t=4085
101,1:09:06,1:10:11,1.1,お祝いコメントへの返答,0.80,https://www.youtube.com/watch?v=pNIpCr03_nQ&t=4146
102,1:10:11,1:11:15,1.1,音楽全般の話,0.80,https://www.youtube.com/watch?v=pNIpCr03_nQ&t=4211
103,1:11:15,1:12:15,1.0,お祝いコメントへの返答,0.80,https://www.youtube.com/watch?v=pNIpCr03_nQ&t=4275
104,1:12:15,1:13:16,1.0,お祝いコメントへの返答,0.80,https://www.youtube.com/watch?v=pNIpCr03_nQ&t=4335
105,1:13:16,1:14:16,1.0,デビュー半年おめでとうのコメントについて,0.80,https://www.youtube.com/watch?v=pNIpCr03_nQ&t=4396
106,1:14:16,1:15:18,1.0,お祝いコメントへの返答,0.80,https://www.youtube.com/watch?v=pNIpCr03_nQ&t=4456
107,1:15:18,1:16:19,1.0,デビュー半年おめでとうのコメントについて,0.80,https://www.youtube.com/watch?v=pNIpCr03_nQ&t=4518
108,1:16:19,1:17:19,1.0,お祝いコメントへの返答,0.80,https://www.youtube.com/watch?v=pNIpCr03_nQ&t=4579
109,1:17:19,1:18:22,1.1,デビュー半年おめでとうのコメントについて,0.80,https://www.youtube.com/watch?v=pNIpCr03_nQ&t=4639
110,1:18:22,1:19:22,1.0,お祝いコメントへの返答,0.80,https://www.youtube.com/watch?v=pNIpCr03_nQ&t=4702
111,1:19:22,1:20:24,1.0,音楽全般の話,0.80,https://www.youtube.com/watch?v=pNIpCr03_nQ&t=4762
112,1:20:24,1:21:24,1.0,デビュー半年おめでとうのコメントについて,0.80,https://www.youtube.com/watch?v=pNIpCr03_nQ&t=4824
113,1:21:24,1:21:33,0.1,これからも楽しさを積み上げていくのを 応援しながら一緒に歩んでいけると幸せだ なと思います,0.90,https://www.youtube.com/watch?v=pNIpCr03_nQ&t=4884
114,1:21:33,1:21:53,0.3,とむさんへのお礼,0.90,https://www.youtube.com/watch?v=pNIpCr03_nQ&t=4893
115,1:21:53,1:22:54,1.0,お祝いコメントへの返答,0.80,https://www.youtube.com/watch?v=pNIpCr03_nQ&t=4913
116,1:22:54,1:23:57,1.0,さぼれ。 あ、そう。Kさん でリッカ。リッカ。リッカは リッカはこう。リッカはこうだろ。さすが に。 あと、あ、そう、超立の魔物さんね、 すごい名前なんだ...,0.70,https://www.youtube.com/watch?v=pNIpCr03_nQ&t=4974
117,1:23:57,1:24:33,0.6,のって配信中にすることですよね,1.00,https://www.youtube.com/watch?v=pNIpCr03_nQ&t=5037
118,1:24:33,1:25:21,0.8,お祝いコメントへの返答,0.80,https://www.youtube.com/watch?v=pNIpCr03_nQ&t=5073
119,1:25:21,1:25:23,0.0,コメントしてたの見てるからね,1.00,https://www.youtube.com/watch?v=pNIpCr03_nQ&t=5121
120,1:25:23,1:26:25,1.0,お祝いコメントへの返答,0.80,https://www.youtube.com/watch?v=pNIpCr03_nQ&t=5123
121,1:26:25,1:27:06,0.7,お祝いコメントへの返答,0.80,https://www.youtube.com/watch?v=pNIpCr03_nQ&t=5185
122,1:27:06,1:27:53,0.8,12時間配信についての説明,0.80,https://www.youtube.com/watch?v=pNIpCr03_nQ&t=5226
123,1:27:53,1:28:56,1.0,1時間配信についての説明,0.80,https://www.youtube.com/watch?v=pNIpCr03_nQ&t=5273
124,1:28:56,1:29:57,1.0,音楽全般の話,0.80,https://www.youtube.com/watch?v=pNIpCr03_nQ&t=5336
125,1:29:57,1:30:16,0.3,言ってんの? ハートまで書いちゃった,0.90,https://www.youtube.com/watch?v=pNIpCr03_nQ&t=5397
126,1:30:16,1:31:17,1.0,音楽全般の話,0.80,https://www.youtube.com/watch?v=pNIpCr03_nQ&t=5416
127,1:31:17,1:32:20,1.1,好きな音楽について,0.80,https://www.youtube.com/watch?v=pNIpCr03_nQ&t=5477
128,1:32:20,1:33:21,1.0,お祝いコメントへの返答,0.80,https://www.youtube.com/watch?v=pNIpCr03_nQ&t=5540
129,1:33:21,1:34:22,1.0,音楽全般の話,0.80,https://www.youtube.com/watch?v=pNIpCr03_nQ&t=5601
130,1:34:22,1:35:22,1.0,お祝いコメントへの返答,0.80,https://www.youtube.com/watch?v=pNIpCr03_nQ&t=5662
131,1:35:22,1:35:47,0.4,音楽全般の話,1.00,https://www.youtube.com/watch?v=pNIpCr03_nQ&t=5722
132,1:35:47,1:36:21,0.6,。いたし。もうコメントしてくれたから 勝手に書いてないことになったわ。 うん。 あ、あ、よいしょ。 いたね。 へへへ。か、もう半年だよ。本当に早い。 早い...,1.00,https://www.youtube.com/watch?v=pNIpCr03_nQ&t=5747
133,1:36:21,1:37:24,1.0,デビュー半年おめでとうのコメントについて,0.80,https://www.youtube.com/watch?v=pNIpCr03_nQ&t=5781
134,1:37:24,1:38:26,1.0,音楽全般の話,0.80,https://www.youtube.com/watch?v=pNIpCr03_nQ&t=5844
135,1:38:26,1:39:27,1.0,音楽全般の話,0.80,https://www.youtube.com/watch?v=pNIpCr03_nQ&t=5906
136,1:39:27,1:40:28,1.0,スタンスに見えてたけどすごい頑張ってる ね,0.70,https://www.youtube.com/watch?v=pNIpCr03_nQ&t=5967
137,1:40:28,1:41:33,1.1,好きな音楽について,0.80,https://www.youtube.com/watch?v=pNIpCr03_nQ&t=6028
138,1:41:33,1:42:38,1.1,お祝いコメントへの返答,0.80,https://www.youtube.com/watch?v=pNIpCr03_nQ&t=6093
139,1:42:38,1:43:41,1.1,10時間配信についての説明,0.70,https://www.youtube.com/watch?v=pNIpCr03_nQ&t=6158
140,1:43:41,1:44:42,1.0,お祝いコメントへの返答,0.80,https://www.youtube.com/watch?v=pNIpCr03_nQ&t=6221
141,1:44:42,1:45:16,0.6,音楽全般の話,1.00,https://www.youtube.com/watch?v=pNIpCr03_nQ&t=6282
142,1:45:16,1:45:48,0.5,ともさんへの返答,0.80,https://www.youtube.com/watch?v=pNIpCr03_nQ&t=6316
143,1:45:48,1:46:49,1.0,お祝いコメントへの返答,0.80,https://www.youtube.com/watch?v=pNIpCr03_nQ&t=6348
144,1:46:49,1:47:05,0.3,音楽全般の話,1.00,https://www.youtube.com/watch?v=pNIpCr03_nQ&t=6409
145,1:47:05,1:48:09,1.1,うざさんへのお礼,0.80,https://www.youtube.com/watch?v=pNIpCr03_nQ&t=6425
146,1:48:09,1:49:10,1.0,音楽全般の話,0.80,https://www.youtube.com/watch?v=pNIpCr03_nQ&t=6489
147,1:49:10,1:50:13,1.0,お祝いコメントへの返答,0.80,https://www.youtube.com/watch?v=pNIpCr03_nQ&t=6550
148,1:50:13,1:50:45,0.5,音楽全般の話,0.80,https://www.youtube.com/watch?v=pNIpCr03_nQ&t=6613
149,1:50:45,1:51:48,1.1,音楽全般の話,0.80,https://www.youtube.com/watch?v=pNIpCr03_nQ&t=6645
150,1:51:48,1:52:49,1.0,そ、そ、新潟ね、新潟県民マジで大変そう,0.80,https://www.youtube.com/watch?v=pNIpCr03_nQ&t=6708
151,1:52:49,1:53:51,1.0,音楽全般の話,0.80,https://www.youtube.com/watch?v=pNIpCr03_nQ&t=6769
152,1:53:51,1:54:54,1.1,音楽全般の話,0.80,https://www.youtube.com/watch?v=pNIpCr03_nQ&t=6831
153,1:54:54,1:55:55,1.0,好きな音楽について,0.80,https://www.youtube.com/watch?v=pNIpCr03_nQ&t=6894
154,1:55:55,1:56:36,0.7,音楽全般の話,0.80,https://www.youtube.com/watch?v=pNIpCr03_nQ&t=6955
155,1:56:36,1:57:37,1.0,音楽全般の話,0.80,https://www.youtube.com/watch?v=pNIpCr03_nQ&t=6996
156,1:57:37,1:58:43,1.1,お祝いコメントへの返答,0.80,https://www.youtube.com/watch?v=pNIpCr03_nQ&t=7057
157,1:58:43,1:59:55,1.2,音楽全般の話,0.80,https://www.youtube.com/watch?v=pNIpCr03_nQ&t=7123
158,1:59:55,2:00:56,1.0,トークマガチャ引きます,0.70,https://www.youtube.com/watch?v=pNIpCr03_nQ&t=7195
159,2:00:56,2:01:57,1.0,こいつも みんなバラバ天でバラバラじゃねえか,0.70,https://www.youtube.com/watch?v=pNIpCr03_nQ&t=7256
160,2:01:57,2:02:58,1.0,やらないことには始まりませんね,0.80,https://www.youtube.com/watch?v=pNIpCr03_nQ&t=7317
161,2:02:58,2:03:59,1.0,好きな音楽について,0.80,https://www.youtube.com/watch?v=pNIpCr03_nQ&t=7378
162,2:03:59,2:05:02,1.0,音楽全般の話,0.80,https://www.youtube.com/watch?v=pNIpCr03_nQ&t=7439
163,2:05:02,2:06:04,1.0,変わんないから自分の 水に書くとどんどん丸くなるぜ,0.80,https://www.youtube.com/watch?v=pNIpCr03_nQ&t=7502
164,2:06:04,2:06:14,0.2,ブロッコリーの芯似て食べたらあんまり 美味しくなかったぞ,0.90,https://www.youtube.com/watch?v=pNIpCr03_nQ&t=7564
165,2:06:14,2:07:15,1.0,好きな音楽について,0.80,https://www.youtube.com/watch?v=pNIpCr03_nQ&t=7574
166,2:07:15,2:08:17,1.0,好きな音楽について,0.80,https://www.youtube.com/watch?v=pNIpCr03_nQ&t=7635
167,2:08:17,2:09:20,1.1,ま、龍かもみんなね、もうご存知の通り、 あの、龍か土変色だからさ,0.70,https://www.youtube.com/watch?v=pNIpCr03_nQ&t=7697
168,2:09:20,2:10:22,1.0,好きな音楽について,0.80,https://www.youtube.com/watch?v=pNIpCr03_nQ&t=7760
169,2:10:22,2:10:37,0.3,音楽全般の話,1.00,https://www.youtube.com/watch?v=pNIpCr03_nQ&t=7822
170,2:10:37,2:11:41,1.1,音楽全般の話,0.80,https://www.youtube.com/watch?v=pNIpCr03_nQ&t=7837
171,2:11:41,2:12:41,1.0,音楽全般の話,0.80,https://www.youtube.com/watch?v=pNIpCr03_nQ&t=7901
172,2:12:41,2:13:42,1.0,ドレッシング食べてるな,0.70,https://www.youtube.com/watch?v=pNIpCr03_nQ&t=7961
173,2:13:42,2:14:00,0.3,じゃあね、龍かかぼちゃもかぼちゃ好きだ よ,0.90,https://www.youtube.com/watch?v=pNIpCr03_nQ&t=8022
174,2:14:00,2:15:01,1.0,好きな音楽について,0.80,https://www.youtube.com/watch?v=pNIpCr03_nQ&t=8040
175,2:15:01,2:16:08,1.1,音楽全般の話,0.80,https://www.youtube.com/watch?v=pNIpCr03_nQ&t=8101
176,2:16:08,2:16:39,0.5,野菜を食うのは野菜を食ったという実績で 健康にいいと自己満足するためだぞ,0.70,https://www.youtube.com/watch?v=pNIpCr03_nQ&t=8168
177,2:16:39,2:17:16,0.6,音楽全般の話,0.80,https://www.youtube.com/watch?v=pNIpCr03_nQ&t=8199
178,2:17:16,2:18:18,1.0,そうそう。そうそう。だからさ、あの野菜 スティック食べてるOLの映像とか見ると 嘘だろうって思うもんね。そんなわけない じゃんて。 あれもソース食ってるで...,0.70,https://www.youtube.com/watch?v=pNIpCr03_nQ&t=8236
179,2:18:18,2:19:20,1.0,なんかホテルの な、何だっけ? むっちゃ昔の記憶なんだよな,0.70,https://www.youtube.com/watch?v=pNIpCr03_nQ&t=8298
180,2:19:20,2:20:22,1.0,音楽全般の話,0.80,https://www.youtube.com/watch?v=pNIpCr03_nQ&t=8360
181,2:20:22,2:21:25,1.0,音楽全般の話,0.80,https://www.youtube.com/watch?v=pNIpCr03_nQ&t=8422
182,2:21:25,2:22:25,1.0,音楽全般の話,0.80,https://www.youtube.com/watch?v=pNIpCr03_nQ&t=8485
183,2:22:25,2:23:27,1.0,音楽全般の話,0.80,https://www.youtube.com/watch?v=pNIpCr03_nQ&t=8545
184,2:23:27,2:24:31,1.1,好きな音楽について,0.80,https://www.youtube.com/watch?v=pNIpCr03_nQ&t=8607
185,2:24:31,2:25:33,1.0,好きな音楽について,0.80,https://www.youtube.com/watch?v=pNIpCr03_nQ&t=8671
186,2:25:33,2:25:53,0.3,いいね。おはいいな。 いや、さすがにネタ起き場かな? 違う。りかが言ったんじゃない?さかさん,0.90,https://www.youtube.com/watch?v=pNIpCr03_nQ&t=8733
187,2:25:53,2:26:54,1.0,でかぼおきばさんへの返答,0.80,https://www.youtube.com/watch?v=pNIpCr03_nQ&t=8753
188,2:26:54,2:27:55,1.0,ね縁顔をじゃあそれ縁顔が好きじゃない 好きなんじゃなくって大葉が好きなだけ じゃんっていうことになって、じゃあ寿司...,0.70,https://www.youtube.com/watch?v=pNIpCr03_nQ&t=8814
189,2:27:55,2:28:55,1.0,お祝いコメントへの返答,0.80,https://www.youtube.com/watch?v=pNIpCr03_nQ&t=8875
190,2:28:55,2:29:59,1.1,音楽全般の話,0.80,https://www.youtube.com/watch?v=pNIpCr03_nQ&t=8935
191,2:29:59,2:31:03,1.1,好きな音楽について,0.80,https://www.youtube.com/watch?v=pNIpCr03_nQ&t=8999
192,2:31:03,2:32:03,1.0,音楽全般の話,0.80,https://www.youtube.com/watch?v=pNIpCr03_nQ&t=9063
193,2:32:03,2:33:04,1.0,気持ちいいかだけで生きてんだよ,0.70,https://www.youtube.com/watch?v=pNIpCr03_nQ&t=9123
194,2:33:04,2:34:08,1.1,音楽全般の話,0.80,https://www.youtube.com/watch?v=pNIpCr03_nQ&t=9184
195,2:34:08,2:35:10,1.0,音楽全般の話,0.80,https://www.youtube.com/watch?v=pNIpCr03_nQ&t=9248
196,2:35:10,2:36:13,1.0,キュウリ引っこ抜いて食ってたわ,0.70,https://www.youtube.com/watch?v=pNIpCr03_nQ&t=9310
197,2:36:13,2:37:18,1.1,音楽全般の話,0.80,https://www.youtube.com/watch?v=pNIpCr03_nQ&t=9373
198,2:37:18,2:38:18,1.0,ウニがまずかったって言ってるけど、それ シャリと一緒に食べてない,0.70,https://www.youtube.com/watch?v=pNIpCr03_nQ&t=9438
199,2:38:18,2:39:20,1.0,音楽全般の話,0.80,https://www.youtube.com/watch?v=pNIpCr03_nQ&t=9498
200,2:39:20,2:40:20,1.0,音楽全般の話,0.80,https://www.youtube.com/watch?v=pNIpCr03_nQ&t=9560
201,2:40:20,2:41:22,1.0,音楽全般の話,0.80,https://www.youtube.com/watch?v=pNIpCr03_nQ&t=9620
202,2:41:22,2:42:25,1.0,音楽全般の話,0.80,https://www.youtube.com/watch?v=pNIpCr03_nQ&t=9682
203,2:42:25,2:43:28,1.1,音楽全般の話,0.80,https://www.youtube.com/watch?v=pNIpCr03_nQ&t=9745
204,2:43:28,2:44:31,1.1,自分も変色だから分かりが深い,0.70,https://www.youtube.com/watch?v=pNIpCr03_nQ&t=9808
205,2:44:31,2:45:35,1.1,音楽全般の話,0.80,https://www.youtube.com/watch?v=pNIpCr03_nQ&t=9871
206,2:45:35,2:46:35,1.0,音楽全般の話,0.80,https://www.youtube.com/watch?v=pNIpCr03_nQ&t=9935
207,2:46:35,2:47:36,1.0,音楽全般の話,0.80,https://www.youtube.com/watch?v=pNIpCr03_nQ&t=9995
208,2:47:36,2:48:08,0.5,音楽全般の話,1.00,https://www.youtube.com/watch?v=pNIpCr03_nQ&t=10056
209,2:48:08,2:49:12,1.1,コメントが溜まっている,0.80,https://www.youtube.com/watch?v=pNIpCr03_nQ&t=10088
210,2:49:12,2:50:13,1.0,好きな音楽について,0.80,https://www.youtube.com/watch?v=pNIpCr03_nQ&t=10152
211,2:50:13,2:51:13,1.0,好きな音楽について,0.80,https://www.youtube.com/watch?v=pNIpCr03_nQ&t=10213
212,2:51:13,2:52:14,1.0,デビュー半年おめでとうのコメントについて,0.80,https://www.youtube.com/watch?v=pNIpCr03_nQ&t=10273
213,2:52:14,2:53:16,1.0,音楽全般の話,0.80,https://www.youtube.com/watch?v=pNIpCr03_nQ&t=10334
214,2:53:16,2:54:23,1.1,半年記念配信についての話,0.80,https://www.youtube.com/watch?v=pNIpCr03_nQ&t=10396
215,2:54:23,2:55:24,1.0,キュウリで口の中を リセッ,0.70,https://www.youtube.com/watch?v=pNIpCr03_nQ&t=10463
216,2:55:24,2:55:27,0.0,えっと、ちょっと飛ばし飛ばしでごめんね,0.70,https://www.youtube.com/watch?v=pNIpCr03_nQ&t=10524
217,2:55:27,2:56:28,1.0,半年記念配信についての話,0.80,https://www.youtube.com/watch?v=pNIpCr03_nQ&t=10527
218,2:56:28,2:56:37,0.1,アニマルチャンネルさんへのお礼,1.00,https://www.youtube.com/watch?v=pNIpCr03_nQ&t=10588
219,2:56:37,2:57:38,1.0,それとも来てくれたことにまずは 感謝を,0.70,https://www.youtube.com/watch?v=pNIpCr03_nQ&t=10597
220,2:57:38,2:58:14,0.6,の口って繊細なんだね,0.70,https://www.youtube.com/watch?v=pNIpCr03_nQ&t=10658
221,2:58:14,2:59:14,1.0,どこまで読んだコメント,0.80,https://www.youtube.com/watch?v=pNIpCr03_nQ&t=10694
222,2:59:14,3:00:20,1.1,好きな音楽について,0.80,https://www.youtube.com/watch?v=pNIpCr03_nQ&t=10754
223,3:00:20,3:01:28,1.1,お祝いコメントへの返答,0.70,https://www.youtube.com/watch?v=pNIpCr03_nQ&t=10820
224,3:01:28,3:02:31,1.0,お祝いコメントへの返答,0.80,https://www.youtube.com/watch?v=pNIpCr03_nQ&t=10888
225,3:02:31,3:03:04,0.6,よしえるんさんへのお礼,0.90,https://www.youtube.com/watch?v=pNIpCr03_nQ&t=10951
226,3:03:04,3:03:15,0.2,音楽全般の話,1.00,https://www.youtube.com/watch?v=pNIpCr03_nQ&t=10984
227,3:03:15,3:03:56,0.7,音楽全般の話,0.80,https://www.youtube.com/watch?v=pNIpCr03_nQ&t=10995
228,3:03:56,3:04:56,1.0,音楽鑑賞について,0.80,https://www.youtube.com/watch?v=pNIpCr03_nQ&t=11036
229,3:04:56,3:05:59,1.0,音楽全般の話,0.80,https://www.youtube.com/watch?v=pNIpCr03_nQ&t=11096
230,3:05:59,3:07:10,1.2,甘エは こんなにもみんなと分かり合えない日が 来るなんて,0.70,https://www.youtube.com/watch?v=pNIpCr03_nQ&t=11159
231,3:07:10,3:08:02,0.9,好きな音楽について,0.80,https://www.youtube.com/watch?v=pNIpCr03_nQ&t=11230
232,3:08:02,3:09:04,1.0,音楽全般の話,0.80,https://www.youtube.com/watch?v=pNIpCr03_nQ&t=11282
233,3:09:04,3:10:04,1.0,そういうや、そういう そうやってね、言うやつほどね,0.70,https://www.youtube.com/watch?v=pNIpCr03_nQ&t=11344
234,3:10:04,3:11:04,1.0,音楽全般の話,0.80,https://www.youtube.com/watch?v=pNIpCr03_nQ&t=11404
235,3:11:04,3:12:06,1.0,なんでなんだろう?麺類のもやしは 多分か食感とかじゃないんだろうな,0.70,https://www.youtube.com/watch?v=pNIpCr03_nQ&t=11464
236,3:12:06,3:13:08,1.0,食感が強いものは別で行きたいってことか な?多分ね、食感じゃないんだろうな,0.80,https://www.youtube.com/watch?v=pNIpCr03_nQ&t=11526
237,3:13:08,3:14:09,1.0,音楽全般の話,0.80,https://www.youtube.com/watch?v=pNIpCr03_nQ&t=11588
238,3:14:09,3:15:09,1.0,なんかちょっと刺さるだろう気にするだろ ネタじゃなかったんだからだけにネタじゃ なかったんだから 今まで生きてきた...,0.80,https://www.youtube.com/watch?v=pNIpCr03_nQ&t=11649
239,3:15:09,3:16:10,1.0,音楽全般の話,0.80,https://www.youtube.com/watch?v=pNIpCr03_nQ&t=11709
240,3:16:10,3:17:11,1.0,あの次から次に口に入れないかな,0.80,https://www.youtube.com/watch?v=pNIpCr03_nQ&t=11770
241,3:17:11,3:18:12,1.0,送られてた瞬間 だいぶ早かったよ,0.70,https://www.youtube.com/watch?v=pNIpCr03_nQ&t=11831
242,3:18:12,3:19:13,1.0,音楽全般の話,0.80,https://www.youtube.com/watch?v=pNIpCr03_nQ&t=11892
243,3:19:13,3:20:14,1.0,お祝いコメントへの返答,0.80,https://www.youtube.com/watch?v=pNIpCr03_nQ&t=11953
244,3:20:14,3:21:16,1.0,ネタ剥がし売りにしない,0.70,https://www.youtube.com/watch?v=pNIpCr03_nQ&t=12014
245,3:21:16,3:21:33,0.3,音楽全般の話,1.00,https://www.youtube.com/watch?v=pNIpCr03_nQ&t=12076
246,3:21:33,3:22:35,1.0,好きな音楽について,0.80,https://www.youtube.com/watch?v=pNIpCr03_nQ&t=12093
247,3:22:35,3:23:36,1.0,音楽全般の話,0.80,https://www.youtube.com/watch?v=pNIpCr03_nQ&t=12155
248,3:23:36,3:24:39,1.1,家で食べる時は動画流してる けど、あんまり頭入ってこないかも,0.70,https://www.youtube.com/watch?v=pNIpCr03_nQ&t=12216
249,3:24:39,3:25:05,0.4,好きな音楽について,1.00,https://www.youtube.com/watch?v=pNIpCr03_nQ&t=12279
250,3:25:05,3:25:07,0.0,今待ってくらのとこのコメントちょっと,0.80,https://www.youtube.com/watch?v=pNIpCr03_nQ&t=12305
251,3:25:07,3:26:08,1.0,音楽全般の話,0.80,https://www.youtube.com/watch?v=pNIpCr03_nQ&t=12307
252,3:26:08,3:27:11,1.1,スロいさんへのお礼,0.70,https://www.youtube.com/watch?v=pNIpCr03_nQ&t=12368
253,3:27:11,3:28:11,1.0,音楽全般の話,0.80,https://www.youtube.com/watch?v=pNIpCr03_nQ&t=12431
254,3:28:11,3:29:13,1.0,音楽全般の話,0.80,https://www.youtube.com/watch?v=pNIpCr03_nQ&t=12491
255,3:29:13,3:30:14,1.0,お祝いコメントへの返答,0.80,https://www.youtube.com/watch?v=pNIpCr03_nQ&t=12553
256,3:30:14,3:31:15,1.0,オッケー。 ありがとう。みんなお祝いしてくれて ありがとうね。本当にね。 あ、ネタがす云々の話があんまり長く 引きずられてるなって。まあ 分かる。 分かる...,0.70,https://www.youtube.com/watch?v=pNIpCr03_nQ&t=12614
257,3:31:15,3:32:16,1.0,好きな音楽について,0.80,https://www.youtube.com/watch?v=pNIpCr03_nQ&t=12675
258,3:32:16,3:33:17,1.0,音楽全般の話,0.80,https://www.youtube.com/watch?v=pNIpCr03_nQ&t=12736
259,3:33:17,3:34:18,1.0,音楽全般の話,0.80,https://www.youtube.com/watch?v=pNIpCr03_nQ&t=12797
260,3:34:18,3:35:19,1.0,音楽全般の話,0.80,https://www.youtube.com/watch?v=pNIpCr03_nQ&t=12858
261,3:35:19,3:36:21,1.0,音楽全般の話,0.80,https://www.youtube.com/watch?v=pNIpCr03_nQ&t=12919
262,3:36:21,3:37:22,1.0,音楽全般の話,0.80,https://www.youtube.com/watch?v=pNIpCr03_nQ&t=12981
263,3:37:22,3:38:27,1.1,半年記念配信についての話,0.80,https://www.youtube.com/watch?v=pNIpCr03_nQ&t=13042
264,3:38:27,3:39:29,1.0,音楽全般の話,0.80,https://www.youtube.com/watch?v=pNIpCr03_nQ&t=13107
265,3:39:29,3:40:30,1.0,音楽全般の話,0.80,https://www.youtube.com/watch?v=pNIpCr03_nQ&t=13169
266,3:40:30,3:41:23,0.9,俗なテーマばかり溢れてそう,0.70,https://www.youtube.com/watch?v=pNIpCr03_nQ&t=13230
267,3:41:23,3:42:25,1.0,デビュー半年おめでとうのコメントについて,0.80,https://www.youtube.com/watch?v=pNIpCr03_nQ&t=13283
268,3:42:25,3:43:21,0.9,音楽全般の話,0.80,https://www.youtube.com/watch?v=pNIpCr03_nQ&t=13345
269,3:43:21,3:43:27,0.1,これおじ番さんの ガチ恋はやらん方がええ,1.00,https://www.youtube.com/watch?v=pNIpCr03_nQ&t=13401
270,3:43:27,3:44:34,1.1,音楽全般の話,0.80,https://www.youtube.com/watch?v=pNIpCr03_nQ&t=13407
271,3:44:34,3:45:44,1.2,好きな音楽について,0.80,https://www.youtube.com/watch?v=pNIpCr03_nQ&t=13474
272,3:45:44,3:46:46,1.0,音楽全般の話,0.80,https://www.youtube.com/watch?v=pNIpCr03_nQ&t=13544
273,3:46:46,3:47:47,1.0,音楽全般の話,0.80,https://www.youtube.com/watch?v=pNIpCr03_nQ&t=13606
274,3:47:47,3:48:48,1.0,音楽全般の話,0.80,https://www.youtube.com/watch?v=pNIpCr03_nQ&t=13667
275,3:48:48,3:49:34,0.8,かし先生夢も見たし、もちろん鹿まる夢も 見たし、さスケも見たし、アマ先生も見た し、 ネジも見たし、めっちゃいろん...,0.70,https://www.youtube.com/watch?v=pNIpCr03_nQ&t=13728
276,3:49:34,3:49:47,0.2,デビュー半年おめでとうのコメントについて,1.00,https://www.youtube.com/watch?v=pNIpCr03_nQ&t=13774
277,3:49:47,3:50:54,1.1,お祝いコメントへの返答,0.80,https://www.youtube.com/watch?v=pNIpCr03_nQ&t=13787
278,3:50:54,3:52:00,1.1,音楽鑑賞について,0.80,https://www.youtube.com/watch?v=pNIpCr03_nQ&t=13854
279,3:52:00,3:53:01,1.0,好きな音楽について,0.80,https://www.youtube.com/watch?v=pNIpCr03_nQ&t=13920
280,3:53:01,3:54:03,1.0,カスがありがとう。カスカス か。 あ、 カスが最後カスがかすがってなんだ? いや、そう。踏みとま人の名前馬鹿にし ちゃいけないからね。 メモリ解放のための...,0.70,https://www.youtube.com/watch?v=pNIpCr03_nQ&t=13981
281,3:54:03,3:55:04,1.0,音楽全般の話,0.80,https://www.youtube.com/watch?v=pNIpCr03_nQ&t=14043
282,3:55:04,3:56:08,1.1,歌・音楽についての話,0.80,https://www.youtube.com/watch?v=pNIpCr03_nQ&t=14104
283,3:56:08,3:57:13,1.1,半年記念配信についての話,0.80,https://www.youtube.com/watch?v=pNIpCr03_nQ&t=14168
284,3:57:13,3:58:14,1.0,音楽全般の話,0.80,https://www.youtube.com/watch?v=pNIpCr03_nQ&t=14233
285,3:58:14,3:59:15,1.0,音楽全般の話,0.80,https://www.youtube.com/watch?v=pNIpCr03_nQ&t=14294
286,3:59:15,4:00:15,1.0,半年記念配信についての話,0.80,https://www.youtube.com/watch?v=pNIpCr03_nQ&t=14355
287,4:00:15,4:01:16,1.0,12時間配信についての説明,0.80,https://www.youtube.com/watch?v=pNIpCr03_nQ&t=14415
288,4:01:16,4:02:17,1.0,そんな風潮を感じるよ,0.70,https://www.youtube.com/watch?v=pNIpCr03_nQ&t=14476
289,4:02:17,4:03:19,1.0,音楽全般の話,0.80,https://www.youtube.com/watch?v=pNIpCr03_nQ&t=14537
290,4:03:19,4:04:19,1.0,音楽全般の話,0.80,https://www.youtube.com/watch?v=pNIpCr03_nQ&t=14599
291,4:04:19,4:05:22,1.0,12時間配信についての説明,0.80,https://www.youtube.com/watch?v=pNIpCr03_nQ&t=14659
292,4:05:22,4:06:24,1.0,時間とか喋っちゃってね,0.80,https://www.youtube.com/watch?v=pNIpCr03_nQ&t=14722
293,4:06:24,4:07:31,1.1,音楽全般の話,0.80,https://www.youtube.com/watch?v=pNIpCr03_nQ&t=14784
294,4:07:31,4:08:34,1.1,音楽全般の話,0.80,https://www.youtube.com/watch?v=pNIpCr03_nQ&t=14851
295,4:08:34,4:08:46,0.2,ついてちょっと喋りたいことあったんだよ ね,0.90,https://www.youtube.com/watch?v=pNIpCr03_nQ&t=14914
296,4:08:46,4:09:47,1.0,そういえば 相沢ならたまらんと思う,0.70,https://www.youtube.com/watch?v=pNIpCr03_nQ&t=14926
297,4:09:47,4:10:27,0.7,、人だからさ、やっぱ 人間だから我々生きてもおりますからさ、 いいことばっか言えるわけないじゃんね,0.70,https://www.youtube.com/watch?v=pNIpCr03_nQ&t=14987
298,4:10:27,4:10:59,0.5,そろそろちょっとコメント欄りちょっとな ってなって言うの別にいい,0.80,https://www.youtube.com/watch?v=pNIpCr03_nQ&t=15027
299,4:10:59,4:11:10,0.2,そういう感じでコメント欄なっていったら いいなと思いますけどね,1.00,https://www.youtube.com/watch?v=pNIpCr03_nQ&t=15059
300,4:11:10,4:12:21,1.2,コメントへのお礼,0.80,https://www.youtube.com/watch?v=pNIpCr03_nQ&t=15070
301,4:12:21,4:13:23,1.0,ガンダレさんへのお礼,0.70,https://www.youtube.com/watch?v=pNIpCr03_nQ&t=15141
302,4:13:23,4:14:26,1.0,お祝いコメントへの返答,0.80,https://www.youtube.com/watch?v=pNIpCr03_nQ&t=15203
303,4:14:26,4:15:27,1.0,なんか すごい書き合わって悪い方向行ってる気が するね,0.70,https://www.youtube.com/watch?v=pNIpCr03_nQ&t=15266
304,4:15:27,4:15:36,0.1,はさね。 そう。行っていいのは言われる加護のある,0.90,https://www.youtube.com/watch?v=pNIpCr03_nQ&t=15327
305,4:15:36,4:16:38,1.0,やつで。そうそうそうそう。 うん。りかたんのスタンスが心地い。こう いう配信に行きたかったんだよって。 めっちゃ心にしみる。え、よかったね。 よがだ。よが...,0.80,https://www.youtube.com/watch?v=pNIpCr03_nQ&t=15336
306,4:16:38,4:17:40,1.0,お祝いコメントへの返答,0.80,https://www.youtube.com/watch?v=pNIpCr03_nQ&t=15398
307,4:17:40,4:18:42,1.0,ちょっときついっす。 まあでも 難しいね。 じ事って客観性持てない人間がやったら こごとく滑るよね。そらはね、客観性の ない時って 滑りすぎるだろ。 30...,0.70,https://www.youtube.com/watch?v=pNIpCr03_nQ&t=15460
308,4:18:42,4:19:18,0.6,たってさ、もう究極何も言わないが正解に なっちゃうからね,0.70,https://www.youtube.com/watch?v=pNIpCr03_nQ&t=15522
309,4:19:18,4:19:48,0.5,音楽全般の話,1.00,https://www.youtube.com/watch?v=pNIpCr03_nQ&t=15558
310,4:19:48,4:20:50,1.0,ハトでさんへのお礼,0.80,https://www.youtube.com/watch?v=pNIpCr03_nQ&t=15588
311,4:20:50,4:22:00,1.2,音楽全般の話,0.80,https://www.youtube.com/watch?v=pNIpCr03_nQ&t=15650
312,4:22:00,4:23:02,1.0,音楽全般の話,0.80,https://www.youtube.com/watch?v=pNIpCr03_nQ&t=15720
313,4:23:02,4:24:03,1.0,歌・音楽についての話,0.80,https://www.youtube.com/watch?v=pNIpCr03_nQ&t=15782
314,4:24:03,4:25:03,1.0,音楽全般の話,0.80,https://www.youtube.com/watch?v=pNIpCr03_nQ&t=15843
315,4:25:03,4:26:06,1.0,音楽全般の話,0.80,https://www.youtube.com/watch?v=pNIpCr03_nQ&t=15903
316,4:26:06,4:27:06,1.0,ない気分があー 確かにそれで難しいね,0.70,https://www.youtube.com/watch?v=pNIpCr03_nQ&t=15966
317,4:27:06,4:28:10,1.1,こトるさんへのお礼,0.70,https://www.youtube.com/watch?v=pNIpCr03_nQ&t=16026
318,4:28:10,4:29:11,1.0,音楽全般の話,0.80,https://www.youtube.com/watch?v=pNIpCr03_nQ&t=16090
319,4:29:11,4:30:12,1.0,音楽全般の話,0.80,https://www.youtube.com/watch?v=pNIpCr03_nQ&t=16151
320,4:30:12,4:31:12,1.0,音楽全般の話,0.80,https://www.youtube.com/watch?v=pNIpCr03_nQ&t=16212
321,4:31:12,4:32:14,1.0,推しの配信に龍かコメントしたの見てから ね,0.80,https://www.youtube.com/watch?v=pNIpCr03_nQ&t=16272
322,4:32:14,4:33:15,1.0,あの、引用リツイートがなかった 時代に、あの、 その人のツイートの前にRって自分で打つ あの時代龍か知ってるよ,0.80,https://www.youtube.com/watch?v=pNIpCr03_nQ&t=16334
323,4:33:15,4:34:17,1.0,音楽全般の話,0.80,https://www.youtube.com/watch?v=pNIpCr03_nQ&t=16395
324,4:34:17,4:35:18,1.0,音楽全般の話,0.80,https://www.youtube.com/watch?v=pNIpCr03_nQ&t=16457
325,4:35:18,4:36:19,1.0,音楽全般の話,0.80,https://www.youtube.com/watch?v=pNIpCr03_nQ&t=16518
326,4:36:19,4:37:23,1.1,俺名前治らないのと悟ってから後で苦しく ならないようにもうXって呼んでる,0.70,https://www.youtube.com/watch?v=pNIpCr03_nQ&t=16579
327,4:37:23,4:37:58,0.6,形状記憶の口もうTwitterと しか言えないから,0.70,https://www.youtube.com/watch?v=pNIpCr03_nQ&t=16643
328,4:37:58,4:38:05,0.1,自分のコメント入れるのがQTで入れない のがリツイートだったんだけどアプリに よってはQTがなくてリツイートに,0.80,https://www.youtube.com/watch?v=pNIpCr03_nQ&t=16678
329,4:38:05,4:39:06,1.0,音楽全般の話,0.80,https://www.youtube.com/watch?v=pNIpCr03_nQ&t=16685
330,4:39:06,4:40:07,1.0,音楽全般の話,0.80,https://www.youtube.com/watch?v=pNIpCr03_nQ&t=16746
331,4:40:07,4:41:11,1.1,音楽全般の話,0.80,https://www.youtube.com/watch?v=pNIpCr03_nQ&t=16807
332,4:41:11,4:42:15,1.1,音楽全般の話,0.80,https://www.youtube.com/watch?v=pNIpCr03_nQ&t=16871
333,4:42:15,4:43:16,1.0,音楽全般の話,0.80,https://www.youtube.com/watch?v=pNIpCr03_nQ&t=16935
334,4:43:16,4:44:17,1.0,24時間配信についての説明,0.80,https://www.youtube.com/watch?v=pNIpCr03_nQ&t=16996
335,4:44:17,4:45:18,1.0,24時間配信についての説明,0.80,https://www.youtube.com/watch?v=pNIpCr03_nQ&t=17057
336,4:45:18,4:46:21,1.0,じゃあ本当にそれだったんじゃん,0.70,https://www.youtube.com/watch?v=pNIpCr03_nQ&t=17118
337,4:46:21,4:47:30,1.2,2010年12月11日ハゲがもう来た,0.70,https://www.youtube.com/watch?v=pNIpCr03_nQ&t=17181
338,4:47:30,4:48:31,1.0,ボイスのみなくなった,0.80,https://www.youtube.com/watch?v=pNIpCr03_nQ&t=17250
339,4:48:31,4:49:35,1.1,音楽全般の話,0.80,https://www.youtube.com/watch?v=pNIpCr03_nQ&t=17311
340,4:49:35,4:50:36,1.0,音楽全般の話,0.80,https://www.youtube.com/watch?v=pNIpCr03_nQ&t=17375
341,4:50:36,4:51:37,1.0,音楽全般の話,0.80,https://www.youtube.com/watch?v=pNIpCr03_nQ&t=17436
342,4:51:37,4:52:39,1.0,音楽全般の話,0.80,https://www.youtube.com/watch?v=pNIpCr03_nQ&t=17497
343,4:52:39,4:52:41,0.0,どっかなんか,0.50,https://www.youtube.com/watch?v=pNIpCr03_nQ&t=17559
344,4:52:41,4:53:42,1.0,音楽全般の話,0.80,https://www.youtube.com/watch?v=pNIpCr03_nQ&t=17561
345,4:53:42,4:54:43,1.0,音楽全般の話,0.80,https://www.youtube.com/watch?v=pNIpCr03_nQ&t=17622
346,4:54:43,4:55:45,1.0,うわあ、気になるな。 よいしょ。SNSは自分の分身作って 楽しむ。ま、いいや。自分の内面を 表面化したものって感じ。 なんか本当の自分とかなりたいこうあり...,0.70,https://www.youtube.com/watch?v=pNIpCr03_nQ&t=17683
347,4:55:45,4:56:48,1.1,音楽全般の話,0.80,https://www.youtube.com/watch?v=pNIpCr03_nQ&t=17745
348,4:56:48,4:57:49,1.0,音楽全般の話,0.80,https://www.youtube.com/watch?v=pNIpCr03_nQ&t=17808
349,4:57:49,4:58:55,1.1,ちょっとブルースカに行っても結局 Twitterに帰ってくる,0.70,https://www.youtube.com/watch?v=pNIpCr03_nQ&t=17869
350,4:58:55,4:59:57,1.0,音楽全般の話,0.80,https://www.youtube.com/watch?v=pNIpCr03_nQ&t=17935
351,4:59:57,5:01:00,1.1,Twitterに戻っちゃうだけなんだよ ね,0.70,https://www.youtube.com/watch?v=pNIpCr03_nQ&t=17997
352,5:01:00,5:02:01,1.0,いって人ばっかだろうしで,0.70,https://www.youtube.com/watch?v=pNIpCr03_nQ&t=18060
353,5:02:01,5:03:08,1.1,音楽全般の話,0.80,https://www.youtube.com/watch?v=pNIpCr03_nQ&t=18121
354,5:03:08,5:04:13,1.1,音楽全般の話,0.80,https://www.youtube.com/watch?v=pNIpCr03_nQ&t=18188
355,5:04:13,5:05:15,1.0,音楽全般の話,0.80,https://www.youtube.com/watch?v=pNIpCr03_nQ&t=18253
356,5:05:15,5:06:16,1.0,お祝いコメントへの返答,0.80,https://www.youtube.com/watch?v=pNIpCr03_nQ&t=18315
357,5:06:16,5:07:19,1.0,音楽全般の話,0.80,https://www.youtube.com/watch?v=pNIpCr03_nQ&t=18376
358,5:07:19,5:08:21,1.0,歌についての話,0.80,https://www.youtube.com/watch?v=pNIpCr03_nQ&t=18439
359,5:08:21,5:09:22,1.0,音楽全般の話,0.80,https://www.youtube.com/watch?v=pNIpCr03_nQ&t=18501
360,5:09:22,5:10:24,1.0,歌・音楽についての話,0.80,https://www.youtube.com/watch?v=pNIpCr03_nQ&t=18562
361,5:10:24,5:11:30,1.1,24時間配信についての説明,0.80,https://www.youtube.com/watch?v=pNIpCr03_nQ&t=18624
362,5:11:30,5:12:33,1.0,音楽全般の話,0.80,https://www.youtube.com/watch?v=pNIpCr03_nQ&t=18690
363,5:12:33,5:13:34,1.0,いや、大きく大きいのはま、ま、明確に あの女性的魅力は増すのはまずすよな,0.70,https://www.youtube.com/watch?v=pNIpCr03_nQ&t=18753
364,5:13:34,5:14:35,1.0,お祝いコメントへの返答,0.70,https://www.youtube.com/watch?v=pNIpCr03_nQ&t=18814
365,5:14:35,5:14:52,0.3,ありがとうね。お祝いありがとう。 そんだけ歴史あると思う。1つの文化やん 。もうそうだよ。文化文化 本当にそう思う。 しかもVTuberって今こそ結構 ビ...,0.90,https://www.youtube.com/watch?v=pNIpCr03_nQ&t=18875
366,5:14:52,5:15:52,1.0,音楽全般の話,0.80,https://www.youtube.com/watch?v=pNIpCr03_nQ&t=18892
367,5:15:52,5:16:53,1.0,音楽全般の話,0.80,https://www.youtube.com/watch?v=pNIpCr03_nQ&t=18952
368,5:16:53,5:17:25,0.5,デビュー半年おめでとうのコメントについて,0.80,https://www.youtube.com/watch?v=pNIpCr03_nQ&t=19013
369,5:17:25,5:17:29,0.1,コメントしてくれるとね、こういう感じで,0.80,https://www.youtube.com/watch?v=pNIpCr03_nQ&t=19045
370,5:17:29,5:18:31,1.0,音楽全般の話,0.80,https://www.youtube.com/watch?v=pNIpCr03_nQ&t=19049
371,5:18:31,5:19:32,1.0,音楽全般の話,0.80,https://www.youtube.com/watch?v=pNIpCr03_nQ&t=19111
372,5:19:32,5:19:45,0.2,お祝いコメントへの返答,1.00,https://www.youtube.com/watch?v=pNIpCr03_nQ&t=19172
373,5:19:45,5:20:45,1.0,てくれたコトりんごさんへのお礼,0.70,https://www.youtube.com/watch?v=pNIpCr03_nQ&t=19185
374,5:20:45,5:21:45,1.0,音楽全般の話,0.80,https://www.youtube.com/watch?v=pNIpCr03_nQ&t=19245
375,5:21:45,5:22:46,1.0,好きな音楽について,0.80,https://www.youtube.com/watch?v=pNIpCr03_nQ&t=19305
376,5:22:46,5:23:23,0.6,イチゴというか見つけるのが難しいという か,0.70,https://www.youtube.com/watch?v=pNIpCr03_nQ&t=19366
377,5:23:23,5:23:32,0.1,コメントが一方通になるの苦手だから今 個人税し見てないな,1.00,https://www.youtube.com/watch?v=pNIpCr03_nQ&t=19403
378,5:23:32,5:23:53,0.4,コメント欄にコメントする人達たって多分 感覚としてはさ、テレビに喋ってる、 テレビに向かって喋ってるお父さんとか ...,0.80,https://www.youtube.com/watch?v=pNIpCr03_nQ&t=19412
379,5:23:53,5:24:54,1.0,ナさナさんへの返答,0.80,https://www.youtube.com/watch?v=pNIpCr03_nQ&t=19433
380,5:24:54,5:25:57,1.0,音楽全般の話,0.80,https://www.youtube.com/watch?v=pNIpCr03_nQ&t=19494
381,5:25:57,5:26:59,1.0,音楽全般の話,0.80,https://www.youtube.com/watch?v=pNIpCr03_nQ&t=19557
382,5:26:59,5:28:03,1.1,音楽全般の話,0.80,https://www.youtube.com/watch?v=pNIpCr03_nQ&t=19619
383,5:28:03,5:29:03,1.0,音楽全般の話,0.80,https://www.youtube.com/watch?v=pNIpCr03_nQ&t=19683
384,5:29:03,5:30:03,1.0,音楽全般の話,0.80,https://www.youtube.com/watch?v=pNIpCr03_nQ&t=19743
385,5:30:03,5:30:22,0.3,すごいよ。ありがとう。みんな ありがとうね。本当にみんななんか 大好きです。 えっと、どこまで読んだっけ?あ、結構,0.90,https://www.youtube.com/watch?v=pNIpCr03_nQ&t=19803
386,5:30:22,5:31:24,1.0,お祝いコメントへの返答,0.80,https://www.youtube.com/watch?v=pNIpCr03_nQ&t=19822
387,5:31:24,5:32:24,1.0,音楽全般の話,0.80,https://www.youtube.com/watch?v=pNIpCr03_nQ&t=19884
388,5:32:24,5:32:50,0.4,音楽全般の話,0.80,https://www.youtube.com/watch?v=pNIpCr03_nQ&t=19944
389,5:32:50,5:33:10,0.3,企業勢のコメントのあれ スタンスの話ね,0.80,https://www.youtube.com/watch?v=pNIpCr03_nQ&t=19970
390,5:33:10,5:33:59,0.8,だろうね。いるいる。だってコメント読ま れたってオタクのツイートたまに見るもん な。 2018年1月初旬から中旬までは YouTubeに存在する全ての V...,0.80,https://www.youtube.com/watch?v=pNIpCr03_nQ&t=19990
391,5:33:59,5:35:01,1.0,音楽全般の話,0.80,https://www.youtube.com/watch?v=pNIpCr03_nQ&t=20039
392,5:35:01,5:35:03,0.0,しっかりダメ出し入るの,0.90,https://www.youtube.com/watch?v=pNIpCr03_nQ&t=20101
393,5:35:03,5:36:05,1.0,音楽全般の話,0.80,https://www.youtube.com/watch?v=pNIpCr03_nQ&t=20103
394,5:36:05,5:37:07,1.0,音楽全般の話,0.80,https://www.youtube.com/watch?v=pNIpCr03_nQ&t=20165
395,5:37:07,5:37:12,0.1,お祝いコメントへの返答,0.70,https://www.youtube.com/watch?v=pNIpCr03_nQ&t=20227
396,5:37:12,5:38:14,1.0,お祝いコメントへの返答,0.80,https://www.youtube.com/watch?v=pNIpCr03_nQ&t=20232
397,5:38:14,5:39:15,1.0,お祝いコメントへの返答,0.80,https://www.youtube.com/watch?v=pNIpCr03_nQ&t=20294
398,5:39:15,5:40:16,1.0,音楽全般の話,0.80,https://www.youtube.com/watch?v=pNIpCr03_nQ&t=20355
399,5:40:16,5:40:24,0.1,いつもコメ欄非表示で 結構配信見ること多い,1.00,https://www.youtube.com/watch?v=pNIpCr03_nQ&t=20416
400,5:40:24,5:41:26,1.0,そのリスナーさんへの返答,0.80,https://www.youtube.com/watch?v=pNIpCr03_nQ&t=20424
401,5:41:26,5:42:07,0.7,的なまそれはそうだよねっていうのはある ね されたい覚えられたいって人はどれだけ 行動を起こせるかっていうところが...,0.80,https://www.youtube.com/watch?v=pNIpCr03_nQ&t=20486
402,5:42:07,5:43:08,1.0,音楽全般の話,0.80,https://www.youtube.com/watch?v=pNIpCr03_nQ&t=20527
403,5:43:08,5:43:31,0.4,ガブたまさんへのお礼,0.90,https://www.youtube.com/watch?v=pNIpCr03_nQ&t=20588
404,5:43:31,5:44:35,1.1,キュートボイスさんへの返答,0.80,https://www.youtube.com/watch?v=pNIpCr03_nQ&t=20611
405,5:44:35,5:45:37,1.0,何事も最初にやり始めた人は有利だよな,0.70,https://www.youtube.com/watch?v=pNIpCr03_nQ&t=20675
406,5:45:37,5:45:58,0.4,音楽全般の話,1.00,https://www.youtube.com/watch?v=pNIpCr03_nQ&t=20737
407,5:45:58,5:47:00,1.0,こりかさんへの返答,0.80,https://www.youtube.com/watch?v=pNIpCr03_nQ&t=20758
408,5:47:00,5:47:02,0.0,といいね。,0.70,https://www.youtube.com/watch?v=pNIpCr03_nQ&t=20820
409,5:47:02,5:48:04,1.0,音楽全般の話,0.80,https://www.youtube.com/watch?v=pNIpCr03_nQ&t=20822
410,5:48:04,5:49:06,1.0,歌・音楽についての話,0.80,https://www.youtube.com/watch?v=pNIpCr03_nQ&t=20884
411,5:49:06,5:50:14,1.1,音楽全般の話,0.80,https://www.youtube.com/watch?v=pNIpCr03_nQ&t=20946
412,5:50:14,5:51:15,1.0,え、じゃ、俺が言った言葉もトムさんのは 結構気食メの方がインパクト強すぎて 真面目なこと何言ってたっけって感じだ ...,0.80,https://www.youtube.com/watch?v=pNIpCr03_nQ&t=21014
413,5:51:15,5:51:22,0.1,難しくなっちゃうけど、ただ毎回あの最初 だけね、なんか枠の始まりの挨拶だけする,0.70,https://www.youtube.com/watch?v=pNIpCr03_nQ&t=21075
414,5:51:22,5:52:22,1.0,音楽全般の話,0.80,https://www.youtube.com/watch?v=pNIpCr03_nQ&t=21082
415,5:52:22,5:53:06,0.7,音楽全般の話,0.80,https://www.youtube.com/watch?v=pNIpCr03_nQ&t=21142
416,5:53:06,5:53:10,0.1,コメントできたな。,0.80,https://www.youtube.com/watch?v=pNIpCr03_nQ&t=21186
417,5:53:10,5:53:39,0.5,何クわぬ顔で今回はね、見逃したからいいんだけど,0.80,https://www.youtube.com/watch?v=pNIpCr03_nQ&t=21190
418,5:53:39,5:53:49,0.2,やっぱコメントなわけ,1.00,https://www.youtube.com/watch?v=pNIpCr03_nQ&t=21219
419,5:53:49,5:54:05,0.3,音楽全般の話,1.00,https://www.youtube.com/watch?v=pNIpCr03_nQ&t=21229
420,5:54:05,5:55:05,1.0,音楽全般の話,0.80,https://www.youtube.com/watch?v=pNIpCr03_nQ&t=21245
421,5:55:05,5:56:07,1.0,ちゃんと返せること返そうとはしてるけど 別にそれは努力じゃねえ,0.70,https://www.youtube.com/watch?v=pNIpCr03_nQ&t=21305
422,5:56:07,5:57:08,1.0,音楽全般の話,0.80,https://www.youtube.com/watch?v=pNIpCr03_nQ&t=21367
423,5:57:08,5:58:04,0.9,るってね。 うん。発動者への色気を感じるところって 声もあるから見た目だけじゃないよな。え 、龍かの声って色気感じる?さすがに感じ ないか。ちょっとガキす...,0.70,https://www.youtube.com/watch?v=pNIpCr03_nQ&t=21428
424,5:58:04,5:58:09,0.1,コメントしすぎて10分前の読んでる の人気,1.00,https://www.youtube.com/watch?v=pNIpCr03_nQ&t=21484
425,5:58:09,5:58:14,0.1,コメント読んでのりやば、やばすぎるだろ 、それ,1.00,https://www.youtube.com/watch?v=pNIpCr03_nQ&t=21489
426,5:58:14,5:59:15,1.0,音楽全般の話,0.80,https://www.youtube.com/watch?v=pNIpCr03_nQ&t=21494
427,5:59:15,6:00:17,1.0,音楽鑑賞について,0.80,https://www.youtube.com/watch?v=pNIpCr03_nQ&t=21555
428,6:00:17,6:00:27,0.2,マジで自分の声聞き続けるっていう拷問を 1回乗り越えた先にあるから大丈夫,0.90,https://www.youtube.com/watch?v=pNIpCr03_nQ&t=21617
429,6:00:27,6:01:28,1.0,ちなみに私は色気を感じたらコメントし ません,0.80,https://www.youtube.com/watch?v=pNIpCr03_nQ&t=21627
430,6:01:28,6:02:32,1.1,3時間配信についての説明,0.80,https://www.youtube.com/watch?v=pNIpCr03_nQ&t=21688
431,6:02:32,6:03:33,1.0,音楽全般の話,0.80,https://www.youtube.com/watch?v=pNIpCr03_nQ&t=21752
432,6:03:33,6:04:27,0.9,チルクはある。チルしょ。 個人的には低さが刺さってるゲーさ。 ま、高くもなく低すぎずみたいな。高すぎ ず低すぎずみたいなね。 ありますわな。 でもさ、別に...,0.70,https://www.youtube.com/watch?v=pNIpCr03_nQ&t=21813
433,6:04:27,6:04:29,0.0,と思ってやってるコメントじゃないと思う,0.80,https://www.youtube.com/watch?v=pNIpCr03_nQ&t=21867
434,6:04:29,6:05:30,1.0,3時間配信についての説明,0.80,https://www.youtube.com/watch?v=pNIpCr03_nQ&t=21869
435,6:05:30,6:05:42,0.2,デビュー半年おめでとうのコメントについて,0.90,https://www.youtube.com/watch?v=pNIpCr03_nQ&t=21930
436,6:05:42,6:06:44,1.0,いさんへのお礼,0.70,https://www.youtube.com/watch?v=pNIpCr03_nQ&t=21942
437,6:06:44,6:08:01,1.3,ダウナーとはまた少し違う,0.70,https://www.youtube.com/watch?v=pNIpCr03_nQ&t=22004
438,6:08:01,6:08:19,0.3,音楽全般の話,1.00,https://www.youtube.com/watch?v=pNIpCr03_nQ&t=22081
439,6:08:19,6:09:19,1.0,外耳に入ってくるけど足しさもない 素晴らしい声って褒めたことあった気がし ます,0.80,https://www.youtube.com/watch?v=pNIpCr03_nQ&t=22099
440,6:09:19,6:10:03,0.7,お祝いコメントへの返答,0.80,https://www.youtube.com/watch?v=pNIpCr03_nQ&t=22159
441,6:10:03,6:11:06,1.0,音楽全般の話,0.80,https://www.youtube.com/watch?v=pNIpCr03_nQ&t=22203
442,6:11:06,6:12:08,1.0,音楽全般の話,0.80,https://www.youtube.com/watch?v=pNIpCr03_nQ&t=22266
443,6:12:08,6:13:08,1.0,音楽全般の話,0.80,https://www.youtube.com/watch?v=pNIpCr03_nQ&t=22328
444,6:13:08,6:14:10,1.0,音楽全般の話,0.80,https://www.youtube.com/watch?v=pNIpCr03_nQ&t=22388
445,6:14:10,6:15:11,1.0,音楽全般の話,0.80,https://www.youtube.com/watch?v=pNIpCr03_nQ&t=22450
446,6:15:11,6:16:27,1.3,音楽全般の話,0.80,https://www.youtube.com/watch?v=pNIpCr03_nQ&t=22511
447,6:16:27,6:17:27,1.0,音楽全般の話,0.80,https://www.youtube.com/watch?v=pNIpCr03_nQ&t=22587
448,6:17:27,6:18:28,1.0,音楽全般の話,0.80,https://www.youtube.com/watch?v=pNIpCr03_nQ&t=22647
449,6:18:28,6:18:56,0.5,音楽全般の話,0.80,https://www.youtube.com/watch?v=pNIpCr03_nQ&t=22708
450,6:18:56,6:19:57,1.0,半年記念配信についての話,0.80,https://www.youtube.com/watch?v=pNIpCr03_nQ&t=22736
451,6:19:57,6:20:57,1.0,お祝いコメントへの返答,0.80,https://www.youtube.com/watch?v=pNIpCr03_nQ&t=22797
452,6:20:57,6:21:41,0.7,の人たち書いてないからワンチャンまだ いる可能性がある,0.80,https://www.youtube.com/watch?v=pNIpCr03_nQ&t=22857
453,6:21:41,6:22:56,1.2,6時間配信についての説明,0.80,https://www.youtube.com/watch?v=pNIpCr03_nQ&t=22901
454,6:22:56,6:23:58,1.0,音楽全般の話,1.00,https://www.youtube.com/watch?v=pNIpCr03_nQ&t=22976
455,6:23:58,6:24:59,1.0,音楽全般の話,0.80,https://www.youtube.com/watch?v=pNIpCr03_nQ&t=23038
456,6:24:59,6:26:00,1.0,6時間配信についての説明,0.80,https://www.youtube.com/watch?v=pNIpCr03_nQ&t=23099
457,6:26:00,6:27:03,1.1,音楽全般の話,0.80,https://www.youtube.com/watch?v=pNIpCr03_nQ&t=23160
458,6:27:03,6:27:20,0.3,音楽全般の話,1.00,https://www.youtube.com/watch?v=pNIpCr03_nQ&t=23223
459,6:27:20,6:27:40,0.3,お祝いコメントへの返答,1.00,https://www.youtube.com/watch?v=pNIpCr03_nQ&t=23240
460,6:27:40,6:28:43,1.0,音楽全般の話,0.80,https://www.youtube.com/watch?v=pNIpCr03_nQ&t=23260
461,6:28:43,6:29:46,1.1,音楽全般の話,0.80,https://www.youtube.com/watch?v=pNIpCr03_nQ&t=23323
462,6:29:46,6:30:47,1.0,音楽全般の話,0.80,https://www.youtube.com/watch?v=pNIpCr03_nQ&t=23386
463,6:30:47,6:31:51,1.1,音楽全般の話,0.80,https://www.youtube.com/watch?v=pNIpCr03_nQ&t=23447
464,6:31:51,6:32:52,1.0,歌・音楽についての話,0.80,https://www.youtube.com/watch?v=pNIpCr03_nQ&t=23511
465,6:32:52,6:33:16,0.4,無料で毎週3回までまたは有料で お気に入りの新身クリエイターの新しい 朝弱動画を配布できます,0.70,https://www.youtube.com/watch?v=pNIpCr03_nQ&t=23572
466,6:33:16,6:34:17,1.0,コメントはリアルタイム多うから終わった,0.80,https://www.youtube.com/watch?v=pNIpCr03_nQ&t=23596
467,6:34:17,6:35:06,0.8,音楽全般の話,0.80,https://www.youtube.com/watch?v=pNIpCr03_nQ&t=23657
468,6:35:06,6:35:54,0.8,かさんへの返答,0.80,https://www.youtube.com/watch?v=pNIpCr03_nQ&t=23706
469,6:35:54,6:35:57,0.0,めでとうってコメントしてくれたっけ?,1.00,https://www.youtube.com/watch?v=pNIpCr03_nQ&t=23754
470,6:35:57,6:37:00,1.1,かさんへのお礼,0.80,https://www.youtube.com/watch?v=pNIpCr03_nQ&t=23757
471,6:37:00,6:38:01,1.0,お祝いコメントへの返答,0.80,https://www.youtube.com/watch?v=pNIpCr03_nQ&t=23820
472,6:38:01,6:39:02,1.0,好きな音楽について,0.80,https://www.youtube.com/watch?v=pNIpCr03_nQ&t=23881
473,6:39:02,6:40:04,1.0,音楽全般の話,0.80,https://www.youtube.com/watch?v=pNIpCr03_nQ&t=23942
474,6:40:04,6:41:05,1.0,チョコプラで、あの、私 下ネタでごめんなんだけど、あの、 穴そうめって動画がめちゃくちゃ面白くっ て、 マジでおもろいの,0.70,https://www.youtube.com/watch?v=pNIpCr03_nQ&t=24004
475,6:41:05,6:42:07,1.0,音楽全般の話,0.80,https://www.youtube.com/watch?v=pNIpCr03_nQ&t=24065
476,6:42:07,6:43:13,1.1,音楽鑑賞について,0.80,https://www.youtube.com/watch?v=pNIpCr03_nQ&t=24127
477,6:43:13,6:44:14,1.0,音楽全般の話,0.80,https://www.youtube.com/watch?v=pNIpCr03_nQ&t=24193
478,6:44:14,6:45:18,1.1,BGMについての話,0.70,https://www.youtube.com/watch?v=pNIpCr03_nQ&t=24254
479,6:45:18,6:46:24,1.1,もう本当にもう チョコレートプラネットのクイズショは あれチョコレートプラネットたち本人も あれは決作の中で傑作み...,0.70,https://www.youtube.com/watch?v=pNIpCr03_nQ&t=24318
480,6:46:24,6:47:27,1.0,音楽全般の話,0.80,https://www.youtube.com/watch?v=pNIpCr03_nQ&t=24384
481,6:47:27,6:48:13,0.8,音楽全般の話,0.80,https://www.youtube.com/watch?v=pNIpCr03_nQ&t=24447
482,6:48:13,6:49:16,1.1,音楽全般の話,0.80,https://www.youtube.com/watch?v=pNIpCr03_nQ&t=24493
483,6:49:16,6:50:17,1.0,歯ブラシ売る人と買う人みたいなのでネタ やっててでそれであの お田がお田さんが自分で作ったあの電動 歯ブラシみたい...,0.70,https://www.youtube.com/watch?v=pNIpCr03_nQ&t=24556
484,6:50:17,6:51:18,1.0,音楽全般の話,0.80,https://www.youtube.com/watch?v=pNIpCr03_nQ&t=24617
485,6:51:18,6:52:20,1.0,音楽全般の話,0.80,https://www.youtube.com/watch?v=pNIpCr03_nQ&t=24678
486,6:52:20,6:53:20,1.0,好きな音楽について,0.80,https://www.youtube.com/watch?v=pNIpCr03_nQ&t=24740
487,6:53:20,6:54:23,1.0,音楽鑑賞について,0.80,https://www.youtube.com/watch?v=pNIpCr03_nQ&t=24800
488,6:54:23,6:55:33,1.2,何のコンビの名前だったっけ?それ,0.70,https://www.youtube.com/watch?v=pNIpCr03_nQ&t=24863
489,6:55:33,6:56:34,1.0,好きな音楽について,0.80,https://www.youtube.com/watch?v=pNIpCr03_nQ&t=24933
490,6:56:34,6:57:38,1.1,音楽全般の話,0.80,https://www.youtube.com/watch?v=pNIpCr03_nQ&t=24994
491,6:57:38,6:58:40,1.0,歌・音楽についての話,0.80,https://www.youtube.com/watch?v=pNIpCr03_nQ&t=25058
492,6:58:40,6:59:40,1.0,好きな音楽について,0.80,https://www.youtube.com/watch?v=pNIpCr03_nQ&t=25120
493,6:59:40,7:00:42,1.0,音楽全般の話,0.80,https://www.youtube.com/watch?v=pNIpCr03_nQ&t=25180
494,7:00:42,7:01:15,0.5,音楽全般の話,0.80,https://www.youtube.com/watch?v=pNIpCr03_nQ&t=25242
495,7:01:15,7:02:16,1.0,さっきコメント拾えてなかった? ラバーガールもおもろかったんだよな,0.80,https://www.youtube.com/watch?v=pNIpCr03_nQ&t=25275
496,7:02:16,7:03:17,1.0,お祝いコメントへの返答,0.70,https://www.youtube.com/watch?v=pNIpCr03_nQ&t=25336
497,7:03:17,7:04:18,1.0,音楽全般の話,0.80,https://www.youtube.com/watch?v=pNIpCr03_nQ&t=25397
498,7:04:18,7:05:18,1.0,好きな音楽について,0.80,https://www.youtube.com/watch?v=pNIpCr03_nQ&t=25458
499,7:05:18,7:05:51,0.5,好きな音楽について,1.00,https://www.youtube.com/watch?v=pNIpCr03_nQ&t=25518
500,7:05:51,7:06:54,1.0,好きな音楽について,0.80,https://www.youtube.com/watch?v=pNIpCr03_nQ&t=25551
501,7:06:54,7:07:56,1.0,あ、そう、クイズノックがね、あの、もう 自分本人たち言ってるもんね、完全に オマージュしてやってますってね,0.70,https://www.youtube.com/watch?v=pNIpCr03_nQ&t=25614
502,7:07:56,7:09:01,1.1,オリラジなんかおもろかったよね,0.70,https://www.youtube.com/watch?v=pNIpCr03_nQ&t=25676
503,7:09:01,7:10:07,1.1,よいしょ。 あったね。 たの袋喉が 顔が面白い。それ大丈夫?え、でも芸人 って顔面白いって言われるの嫌なのかな? 人を笑わせて仕事するんやって言ってる人 ...,0.80,https://www.youtube.com/watch?v=pNIpCr03_nQ&t=25741
504,7:10:07,7:11:09,1.0,音楽全般の話,0.80,https://www.youtube.com/watch?v=pNIpCr03_nQ&t=25807
505,7:11:09,7:12:12,1.0,音楽全般の話,0.80,https://www.youtube.com/watch?v=pNIpCr03_nQ&t=25869
506,7:12:12,7:13:15,1.1,音楽全般の話,0.80,https://www.youtube.com/watch?v=pNIpCr03_nQ&t=25932
507,7:13:15,7:14:21,1.1,好きな音楽について,0.80,https://www.youtube.com/watch?v=pNIpCr03_nQ&t=25995
508,7:14:21,7:15:23,1.0,音楽全般の話,0.80,https://www.youtube.com/watch?v=pNIpCr03_nQ&t=26061
509,7:15:23,7:16:25,1.0,秋山組んでた時倉がツッコみ,0.70,https://www.youtube.com/watch?v=pNIpCr03_nQ&t=26123
510,7:16:25,7:17:29,1.1,音楽全般の話,0.80,https://www.youtube.com/watch?v=pNIpCr03_nQ&t=26185
511,7:17:29,7:18:29,1.0,歌・音楽についての話,0.80,https://www.youtube.com/watch?v=pNIpCr03_nQ&t=26249
512,7:18:29,7:19:31,1.0,音楽全般の話,0.80,https://www.youtube.com/watch?v=pNIpCr03_nQ&t=26309
513,7:19:31,7:20:31,1.0,音楽全般の話,0.80,https://www.youtube.com/watch?v=pNIpCr03_nQ&t=26371
514,7:20:31,7:21:34,1.0,音楽全般の話,0.80,https://www.youtube.com/watch?v=pNIpCr03_nQ&t=26431
515,7:21:34,7:22:35,1.0,音楽全般の話,0.80,https://www.youtube.com/watch?v=pNIpCr03_nQ&t=26494
516,7:22:35,7:23:36,1.0,音楽鑑賞について,0.80,https://www.youtube.com/watch?v=pNIpCr03_nQ&t=26555
517,7:23:36,7:24:39,1.1,音楽全般の話,0.80,https://www.youtube.com/watch?v=pNIpCr03_nQ&t=26616
518,7:24:39,7:25:41,1.0,7時間配信についての説明,0.70,https://www.youtube.com/watch?v=pNIpCr03_nQ&t=26679
519,7:25:41,7:26:42,1.0,音楽全般の話,0.80,https://www.youtube.com/watch?v=pNIpCr03_nQ&t=26741
520,7:26:42,7:27:02,0.3,音楽全般の話,0.80,https://www.youtube.com/watch?v=pNIpCr03_nQ&t=26802
521,7:27:02,7:28:06,1.1,お祝いコメントへの返答,0.70,https://www.youtube.com/watch?v=pNIpCr03_nQ&t=26822
522,7:28:06,7:28:46,0.7,プリンさんへのお礼,0.80,https://www.youtube.com/watch?v=pNIpCr03_nQ&t=26886
523,7:28:46,7:28:47,0.0,ぼっとしてるのかね。そうそう,0.90,https://www.youtube.com/watch?v=pNIpCr03_nQ&t=26926
524,7:28:47,7:29:49,1.0,音楽全般の話,0.80,https://www.youtube.com/watch?v=pNIpCr03_nQ&t=26927
525,7:29:49,7:30:51,1.0,お祝いコメントへの返答,0.80,https://www.youtube.com/watch?v=pNIpCr03_nQ&t=26989
526,7:30:51,7:31:57,1.1,音楽全般の話,0.80,https://www.youtube.com/watch?v=pNIpCr03_nQ&t=27051
527,7:31:57,7:32:58,1.0,バム空ヘと芸人たら1人出てくるけどやめ とこう,0.70,https://www.youtube.com/watch?v=pNIpCr03_nQ&t=27117
528,7:32:58,7:34:01,1.1,音楽全般の話,0.80,https://www.youtube.com/watch?v=pNIpCr03_nQ&t=27178
529,7:34:01,7:35:02,1.0,お祝いコメントへの返答,0.80,https://www.youtube.com/watch?v=pNIpCr03_nQ&t=27241
530,7:35:02,7:36:18,1.3,音楽全般の話,0.80,https://www.youtube.com/watch?v=pNIpCr03_nQ&t=27302
531,7:36:18,7:37:19,1.0,歌・音楽についての話,0.80,https://www.youtube.com/watch?v=pNIpCr03_nQ&t=27378
532,7:37:19,7:38:20,1.0,あ、 なんか食べようとしてんのかな?いや、 ビって言ってるな,0.70,https://www.youtube.com/watch?v=pNIpCr03_nQ&t=27439
533,7:38:20,7:38:42,0.4,音楽全般の話,1.00,https://www.youtube.com/watch?v=pNIpCr03_nQ&t=27500
534,7:38:42,7:39:47,1.1,100日以上続いているので 間違いない,0.70,https://www.youtube.com/watch?v=pNIpCr03_nQ&t=27522
535,7:39:47,7:40:49,1.0,楽曲についての話,0.70,https://www.youtube.com/watch?v=pNIpCr03_nQ&t=27587
536,7:40:49,7:41:49,1.0,お祝いコメントへの返答,0.80,https://www.youtube.com/watch?v=pNIpCr03_nQ&t=27649
537,7:41:49,7:42:36,0.8,音楽全般の話,0.80,https://www.youtube.com/watch?v=pNIpCr03_nQ&t=27709
538,7:42:36,7:43:37,1.0,ゲームについて,0.80,https://www.youtube.com/watch?v=pNIpCr03_nQ&t=27756
539,7:43:37,7:44:42,1.1,BGMについての話,0.70,https://www.youtube.com/watch?v=pNIpCr03_nQ&t=27817
540,7:44:42,7:45:45,1.0,楽曲選択について,0.70,https://www.youtube.com/watch?v=pNIpCr03_nQ&t=27882
541,7:45:45,7:46:48,1.0,音楽全般の話,0.80,https://www.youtube.com/watch?v=pNIpCr03_nQ&t=27945
542,7:46:48,7:47:49,1.0,音楽全般の話,0.80,https://www.youtube.com/watch?v=pNIpCr03_nQ&t=28008
543,7:47:49,7:48:52,1.0,バンバパパに求めてるものではない気がし て,0.70,https://www.youtube.com/watch?v=pNIpCr03_nQ&t=28069
544,7:48:52,7:49:54,1.0,デビュー半年おめでとうのコメントについて,0.70,https://www.youtube.com/watch?v=pNIpCr03_nQ&t=28132
545,7:49:54,7:50:55,1.0,音楽全般の話,0.80,https://www.youtube.com/watch?v=pNIpCr03_nQ&t=28194
546,7:50:55,7:51:58,1.0,こんなやつ なんこんなこんなやつの話じゃないよ,0.70,https://www.youtube.com/watch?v=pNIpCr03_nQ&t=28255
547,7:51:58,7:52:58,1.0,音楽全般の話,1.00,https://www.youtube.com/watch?v=pNIpCr03_nQ&t=28318
548,7:52:58,7:53:59,1.0,音楽全般の話,1.00,https://www.youtube.com/watch?v=pNIpCr03_nQ&t=28378
549,7:53:59,7:54:59,1.0,半年記念配信についての話,0.80,https://www.youtube.com/watch?v=pNIpCr03_nQ&t=28439
550,7:54:59,7:56:00,1.0,音楽全般の話,0.80,https://www.youtube.com/watch?v=pNIpCr03_nQ&t=28499
551,7:56:00,7:56:56,0.9,お祝いコメントへの返答,0.80,https://www.youtube.com/watch?v=pNIpCr03_nQ&t=28560
552,7:56:56,7:57:59,1.1,音楽全般の話,0.80,https://www.youtube.com/watch?v=pNIpCr03_nQ&t=28616
553,7:57:59,7:59:05,1.1,音楽全般の話,0.80,https://www.youtube.com/watch?v=pNIpCr03_nQ&t=28679
554,7:59:05,8:00:07,1.0,音楽全般の話,0.80,https://www.youtube.com/watch?v=pNIpCr03_nQ&t=28745
555,8:00:07,8:01:12,1.1,音楽全般の話,0.80,https://www.youtube.com/watch?v=pNIpCr03_nQ&t=28807
556,8:01:12,8:02:14,1.0,派手に来るんじゃなくすっ飛んでくるんだ,0.70,https://www.youtube.com/watch?v=pNIpCr03_nQ&t=28872
557,8:02:14,8:02:37,0.4,ずっと可愛いと思ってるけど、今は今それ を口に出して言っただけだから、可愛いの はずっと前から可愛いって思ってるよ,0.90,https://www.youtube.com/watch?v=pNIpCr03_nQ&t=28934
558,8:02:37,8:03:37,1.0,音楽全般の話,0.80,https://www.youtube.com/watch?v=pNIpCr03_nQ&t=28957
559,8:03:37,8:04:40,1.0,音楽全般の話,0.80,https://www.youtube.com/watch?v=pNIpCr03_nQ&t=29017
560,8:04:40,8:05:23,0.7,かバっちくないかって思っちゃうんだよな,0.70,https://www.youtube.com/watch?v=pNIpCr03_nQ&t=29080
561,8:05:23,8:06:24,1.0,音楽全般の話,0.80,https://www.youtube.com/watch?v=pNIpCr03_nQ&t=29123
562,8:06:24,8:07:28,1.1,音楽全般の話,0.80,https://www.youtube.com/watch?v=pNIpCr03_nQ&t=29184
563,8:07:28,8:08:28,1.0,好きな音楽について,0.80,https://www.youtube.com/watch?v=pNIpCr03_nQ&t=29248
564,8:08:28,8:09:28,1.0,音楽全般の話,0.80,https://www.youtube.com/watch?v=pNIpCr03_nQ&t=29308
565,8:09:28,8:10:30,1.0,あとも衛星的にやばい,0.80,https://www.youtube.com/watch?v=pNIpCr03_nQ&t=29368
566,8:10:30,8:11:33,1.1,うん。 うん。 猫だと思ったら風になびているコンビニ袋 だった。それさ、よく見るんだけど龍が 全然わかんないんだよな。 猫に見え?猫に 見えない。あ、コン...,0.70,https://www.youtube.com/watch?v=pNIpCr03_nQ&t=29430
567,8:11:33,8:12:36,1.0,音楽全般の話,0.80,https://www.youtube.com/watch?v=pNIpCr03_nQ&t=29493
568,8:12:36,8:13:37,1.0,音楽全般の話,0.80,https://www.youtube.com/watch?v=pNIpCr03_nQ&t=29556
569,8:13:37,8:14:41,1.1,目が悪いとコンビニ袋猫と錯覚するの,0.70,https://www.youtube.com/watch?v=pNIpCr03_nQ&t=29617
570,8:14:41,8:15:44,1.1,3時間配信についての説明,0.70,https://www.youtube.com/watch?v=pNIpCr03_nQ&t=29681
571,8:15:44,8:16:46,1.0,でも ボア ボン く読めない読めない 読めはい,0.70,https://www.youtube.com/watch?v=pNIpCr03_nQ&t=29744
572,8:16:46,8:17:52,1.1,音楽全般の話,0.80,https://www.youtube.com/watch?v=pNIpCr03_nQ&t=29806
573,8:17:52,8:18:52,1.0,音楽全般の話,0.80,https://www.youtube.com/watch?v=pNIpCr03_nQ&t=29872
574,8:18:52,8:19:55,1.1,好きな音楽について,0.80,https://www.youtube.com/watch?v=pNIpCr03_nQ&t=29932
575,8:19:55,8:20:56,1.0,音楽全般の話,0.80,https://www.youtube.com/watch?v=pNIpCr03_nQ&t=29995
576,8:20:56,8:21:57,1.0,20時間配信についての説明,0.80,https://www.youtube.com/watch?v=pNIpCr03_nQ&t=30056
577,8:21:57,8:22:59,1.0,好きな音楽について,0.80,https://www.youtube.com/watch?v=pNIpCr03_nQ&t=30117
578,8:22:59,8:23:21,0.4,ボルベリーも実はそんなに目にいい わけじゃないらしい,0.70,https://www.youtube.com/watch?v=pNIpCr03_nQ&t=30179
579,8:23:21,8:24:22,1.0,12時間配信についての説明,0.80,https://www.youtube.com/watch?v=pNIpCr03_nQ&t=30201
580,8:24:22,8:25:25,1.0,10時間配信についての説明,0.70,https://www.youtube.com/watch?v=pNIpCr03_nQ&t=30262
581,8:25:25,8:26:26,1.0,音楽全般の話,0.80,https://www.youtube.com/watch?v=pNIpCr03_nQ&t=30325
582,8:26:26,8:27:26,1.0,10時間配信についての説明,0.80,https://www.youtube.com/watch?v=pNIpCr03_nQ&t=30386
583,8:27:26,8:28:31,1.1,音楽全般の話,0.80,https://www.youtube.com/watch?v=pNIpCr03_nQ&t=30446
584,8:28:31,8:29:34,1.0,就寝時間についての話,0.70,https://www.youtube.com/watch?v=pNIpCr03_nQ&t=30511
585,8:29:34,8:30:36,1.0,音楽全般の話,0.80,https://www.youtube.com/watch?v=pNIpCr03_nQ&t=30574
586,8:30:36,8:31:38,1.0,音楽鑑賞について,0.80,https://www.youtube.com/watch?v=pNIpCr03_nQ&t=30636
587,8:31:38,8:32:37,1.0,12時間配信についての説明,0.80,https://www.youtube.com/watch?v=pNIpCr03_nQ&t=30698
588,8:32:37,8:33:38,1.0,音楽全般の話,0.80,https://www.youtube.com/watch?v=pNIpCr03_nQ&t=30757
589,8:33:38,8:33:42,0.1,最近見た夢覚えてないわ,0.90,https://www.youtube.com/watch?v=pNIpCr03_nQ&t=30818
590,8:33:42,8:34:13,0.5,好きな音楽について,0.80,https://www.youtube.com/watch?v=pNIpCr03_nQ&t=30822
591,8:34:13,8:35:14,1.0,音楽全般の話,0.80,https://www.youtube.com/watch?v=pNIpCr03_nQ&t=30853
592,8:35:14,8:35:46,0.5,好きな音楽について,0.80,https://www.youtube.com/watch?v=pNIpCr03_nQ&t=30914
593,8:35:46,8:35:58,0.2,のコメントだって どうでも良すぎるだろう,1.00,https://www.youtube.com/watch?v=pNIpCr03_nQ&t=30946
594,8:35:58,8:36:59,1.0,お祝いコメントへの返答,0.80,https://www.youtube.com/watch?v=pNIpCr03_nQ&t=30958
595,8:36:59,8:38:03,1.1,音楽全般の話,0.80,https://www.youtube.com/watch?v=pNIpCr03_nQ&t=31019
596,8:38:03,8:39:10,1.1,音楽全般の話,0.80,https://www.youtube.com/watch?v=pNIpCr03_nQ&t=31083
597,8:39:10,8:40:11,1.0,お祝いコメントへの返答,0.80,https://www.youtube.com/watch?v=pNIpCr03_nQ&t=31150
598,8:40:11,8:40:45,0.6,いや、夢だって思え ないんだよね,0.70,https://www.youtube.com/watch?v=pNIpCr03_nQ&t=31211
599,8:40:45,8:41:49,1.1,音楽全般の話,0.80,https://www.youtube.com/watch?v=pNIpCr03_nQ&t=31245
600,8:41:49,8:42:50,1.0,音楽全般の話,0.80,https://www.youtube.com/watch?v=pNIpCr03_nQ&t=31309
601,8:42:50,8:43:56,1.1,半年記念配信についての話,0.70,https://www.youtube.com/watch?v=pNIpCr03_nQ&t=31370
602,8:43:56,8:44:59,1.1,シャキトみかんさん、おはよう,0.70,https://www.youtube.com/watch?v=pNIpCr03_nQ&t=31436
603,8:44:59,8:46:02,1.0,音楽全般の話,0.80,https://www.youtube.com/watch?v=pNIpCr03_nQ&t=31499
604,8:46:02,8:47:03,1.0,音楽全般の話,0.80,https://www.youtube.com/watch?v=pNIpCr03_nQ&t=31562
605,8:47:03,8:47:17,0.2,楽曲についての話,0.70,https://www.youtube.com/watch?v=pNIpCr03_nQ&t=31623
606,8:47:17,8:48:18,1.0,音楽全般の話,0.80,https://www.youtube.com/watch?v=pNIpCr03_nQ&t=31637
607,8:48:18,8:49:19,1.0,誰かのライブ コンサートみたいなのにていうか会場にい て で なんかわあみたいなで、そしたらなんか アーティストが...,0.70,https://www.youtube.com/watch?v=pNIpCr03_nQ&t=31698
608,8:49:19,8:50:20,1.0,思って、 で、そしたらなんかやっぱ案の上その 荒らされちゃってそのスピーチしてる ところになんか 物投げられたりと...,0.70,https://www.youtube.com/watch?v=pNIpCr03_nQ&t=31759
609,8:50:20,8:51:23,1.0,歩いて 新入社員のあの人さっていう話してて、 あれってなって、マジであの瞬間マジで 怖かったの覚えてるわ,0.70,https://www.youtube.com/watch?v=pNIpCr03_nQ&t=31820
610,8:51:23,8:52:24,1.0,絶対怒ってそれがその度走って逃げたら レガの道に出て社会人の2人が新入社員の 話して え まただってなって あら次...,0.80,https://www.youtube.com/watch?v=pNIpCr03_nQ&t=31883
611,8:52:24,8:53:25,1.0,お祝いコメントへの返答,0.80,https://www.youtube.com/watch?v=pNIpCr03_nQ&t=31944
612,8:53:25,8:54:35,1.2,音楽全般の話,0.80,https://www.youtube.com/watch?v=pNIpCr03_nQ&t=32005
613,8:54:35,8:54:41,0.1,嫌な夢はいっぱい見たよ。,0.90,https://www.youtube.com/watch?v=pNIpCr03_nQ&t=32075
614,8:54:41,8:55:42,1.0,音楽全般の話,0.80,https://www.youtube.com/watch?v=pNIpCr03_nQ&t=32081
615,8:55:42,8:56:24,0.7,音楽全般の話,0.80,https://www.youtube.com/watch?v=pNIpCr03_nQ&t=32142
616,8:56:24,8:56:30,0.1,ゲームスタートについて,1.00,https://www.youtube.com/watch?v=pNIpCr03_nQ&t=32184
617,8:56:30,8:57:33,1.1,音楽全般の話,0.80,https://www.youtube.com/watch?v=pNIpCr03_nQ&t=32190
618,8:57:33,8:58:31,1.0,こうね、あの30秒です,0.70,https://www.youtube.com/watch?v=pNIpCr03_nQ&t=32253
619,8:58:31,8:59:34,1.0,音楽全般の話,0.80,https://www.youtube.com/watch?v=pNIpCr03_nQ&t=32311
620,8:59:34,9:00:18,0.7,30秒間 こう参加者がね龍含めて多分67人ぐらい いる,0.70,https://www.youtube.com/watch?v=pNIpCr03_nQ&t=32374
621,9:00:18,9:01:19,1.0,ゲームについて,0.80,https://www.youtube.com/watch?v=pNIpCr03_nQ&t=32418
622,9:01:19,9:02:20,1.0,音楽全般の話,0.80,https://www.youtube.com/watch?v=pNIpCr03_nQ&t=32479
623,9:02:20,9:03:22,1.0,音楽全般の話,0.80,https://www.youtube.com/watch?v=pNIpCr03_nQ&t=32540
624,9:03:22,9:04:22,1.0,音楽全般の話,0.80,https://www.youtube.com/watch?v=pNIpCr03_nQ&t=32602
625,9:04:22,9:05:27,1.1,音楽全般の話,0.80,https://www.youtube.com/watch?v=pNIpCr03_nQ&t=32662
626,9:05:27,9:06:29,1.0,その子の家によく遊びに行くことがあって 、で、そのお母さんがね、結構占いとか 趣味でやってるような人なんだけど、 ...,0.70,https://www.youtube.com/watch?v=pNIpCr03_nQ&t=32727
627,9:06:29,9:07:33,1.1,音楽全般の話,0.80,https://www.youtube.com/watch?v=pNIpCr03_nQ&t=32789
628,9:07:33,9:08:41,1.1,お祝いコメントへの返答,0.80,https://www.youtube.com/watch?v=pNIpCr03_nQ&t=32853
629,9:08:41,9:09:43,1.0,昼飲むんだっけ?いや、龍かな,0.70,https://www.youtube.com/watch?v=pNIpCr03_nQ&t=32921
630,9:09:43,9:10:48,1.1,音楽全般の話,0.80,https://www.youtube.com/watch?v=pNIpCr03_nQ&t=32983
631,9:10:48,9:11:48,1.0,あのはっきりしてなかったんだよ,0.70,https://www.youtube.com/watch?v=pNIpCr03_nQ&t=33048
632,9:11:48,9:12:49,1.0,音楽全般の話,0.80,https://www.youtube.com/watch?v=pNIpCr03_nQ&t=33108
633,9:12:49,9:13:51,1.0,音楽全般の話,0.80,https://www.youtube.com/watch?v=pNIpCr03_nQ&t=33169
634,9:13:51,9:14:52,1.0,ホラゲは絶対やんないから,0.70,https://www.youtube.com/watch?v=pNIpCr03_nQ&t=33231
635,9:14:52,9:15:54,1.0,音楽全般の話,0.80,https://www.youtube.com/watch?v=pNIpCr03_nQ&t=33292
636,9:15:54,9:16:22,0.5,かっこいいから着てるから,0.90,https://www.youtube.com/watch?v=pNIpCr03_nQ&t=33354
637,9:16:22,9:17:32,1.2,音楽全般の話,0.80,https://www.youtube.com/watch?v=pNIpCr03_nQ&t=33382
638,9:17:32,9:18:34,1.0,デビュー半年おめでとうのコメントについて,0.80,https://www.youtube.com/watch?v=pNIpCr03_nQ&t=33452
639,9:18:34,9:19:37,1.0,音楽全般の話,0.80,https://www.youtube.com/watch?v=pNIpCr03_nQ&t=33514
640,9:19:37,9:20:37,1.0,音楽全般の話,0.80,https://www.youtube.com/watch?v=pNIpCr03_nQ&t=33577
641,9:20:37,9:21:40,1.0,音楽全般の話,0.80,https://www.youtube.com/watch?v=pNIpCr03_nQ&t=33637
642,9:21:40,9:22:44,1.1,音楽全般の話,0.80,https://www.youtube.com/watch?v=pNIpCr03_nQ&t=33700
643,9:22:44,9:23:49,1.1,音楽全般の話,0.80,https://www.youtube.com/watch?v=pNIpCr03_nQ&t=33764
644,9:23:49,9:24:50,1.0,なんでそんなことすんだろうね,0.70,https://www.youtube.com/watch?v=pNIpCr03_nQ&t=33829
645,9:24:50,9:25:50,1.0,9時間配信についての説明,0.80,https://www.youtube.com/watch?v=pNIpCr03_nQ&t=33890
646,9:25:50,9:26:51,1.0,音楽全般の話,0.80,https://www.youtube.com/watch?v=pNIpCr03_nQ&t=33950
647,9:26:51,9:27:52,1.0,2時間配信についての説明,0.80,https://www.youtube.com/watch?v=pNIpCr03_nQ&t=34011
648,9:27:52,9:28:06,0.2,小学校の頃高学年の出し物のお化け屋敷に 迷い込んで大鳴泣きして先輩たち困らせ ちゃった,0.90,https://www.youtube.com/watch?v=pNIpCr03_nQ&t=34072
649,9:28:06,9:29:08,1.0,音楽全般の話,0.80,https://www.youtube.com/watch?v=pNIpCr03_nQ&t=34086
650,9:29:08,9:30:09,1.0,音楽全般の話,0.80,https://www.youtube.com/watch?v=pNIpCr03_nQ&t=34148
651,9:30:09,9:31:11,1.0,12時間配信についての説明,0.80,https://www.youtube.com/watch?v=pNIpCr03_nQ&t=34209
652,9:31:11,9:32:12,1.0,長時間配信についての話,0.80,https://www.youtube.com/watch?v=pNIpCr03_nQ&t=34271
653,9:32:12,9:33:18,1.1,付き合ってあげたん だろ,0.80,https://www.youtube.com/watch?v=pNIpCr03_nQ&t=34332
654,9:33:18,9:34:21,1.0,半年記念配信についての話,0.80,https://www.youtube.com/watch?v=pNIpCr03_nQ&t=34398
655,9:34:21,9:35:22,1.0,12時間配信についての説明,0.80,https://www.youtube.com/watch?v=pNIpCr03_nQ&t=34461
656,9:35:22,9:36:24,1.0,音楽全般の話,0.80,https://www.youtube.com/watch?v=pNIpCr03_nQ&t=34522
657,9:36:24,9:37:24,1.0,な、そういう空気になっちゃうなら絶対 言うのやめようって思ったから,0.70,https://www.youtube.com/watch?v=pNIpCr03_nQ&t=34584
658,9:37:24,9:38:26,1.0,ま、木にはなるな。青鬼さすがにね。 女の子しかいない状況でもし最悪の事態が 起こったら誰に助けを求めればいいのか。 お化け屋敷で起こる最悪の事態って何だ?...,0.70,https://www.youtube.com/watch?v=pNIpCr03_nQ&t=34644
659,9:38:26,9:38:33,0.1,パラソーシャルもやろう,0.90,https://www.youtube.com/watch?v=pNIpCr03_nQ&t=34706
660,9:38:33,9:39:02,0.5,チラズについて,1.00,https://www.youtube.com/watch?v=pNIpCr03_nQ&t=34713
661,9:39:02,9:40:03,1.0,音楽全般の話,0.80,https://www.youtube.com/watch?v=pNIpCr03_nQ&t=34742
662,9:40:03,9:40:40,0.6,お祝いコメントへの返答,0.80,https://www.youtube.com/watch?v=pNIpCr03_nQ&t=34803
663,9:40:40,9:41:40,1.0,デビュー半年おめでとうのコメントについて,0.80,https://www.youtube.com/watch?v=pNIpCr03_nQ&t=34840
664,9:41:40,9:42:44,1.1,お祝いコメントへの返答,0.80,https://www.youtube.com/watch?v=pNIpCr03_nQ&t=34900
665,9:42:44,9:43:44,1.0,音楽全般の話,0.80,https://www.youtube.com/watch?v=pNIpCr03_nQ&t=34964
666,9:43:44,9:44:48,1.1,お祝いコメントへの返答,0.80,https://www.youtube.com/watch?v=pNIpCr03_nQ&t=35024
667,9:44:48,9:45:49,1.0,お祝いコメントへの返答,0.70,https://www.youtube.com/watch?v=pNIpCr03_nQ&t=35088
668,9:45:49,9:46:04,0.3,なぜでしょうか? 一瞬黒くなる,0.90,https://www.youtube.com/watch?v=pNIpCr03_nQ&t=35149
669,9:46:04,9:47:04,1.0,音楽全般の話,0.80,https://www.youtube.com/watch?v=pNIpCr03_nQ&t=35164
670,9:47:04,9:48:05,1.0,音楽全般の話,0.80,https://www.youtube.com/watch?v=pNIpCr03_nQ&t=35224
671,9:48:05,9:48:18,0.2,音楽全般の話,0.80,https://www.youtube.com/watch?v=pNIpCr03_nQ&t=35285
672,9:48:18,9:49:19,1.0,お祝いコメントへの返答,0.80,https://www.youtube.com/watch?v=pNIpCr03_nQ&t=35298
673,9:49:19,9:50:23,1.1,音楽全般の話,0.80,https://www.youtube.com/watch?v=pNIpCr03_nQ&t=35359
674,9:50:23,9:51:28,1.1,うみーさんへのお礼,0.70,https://www.youtube.com/watch?v=pNIpCr03_nQ&t=35423
675,9:51:28,9:52:30,1.0,音楽全般の話,0.80,https://www.youtube.com/watch?v=pNIpCr03_nQ&t=35488
676,9:52:30,9:53:33,1.1,あ、リクロおじさんチーズケーキね,0.70,https://www.youtube.com/watch?v=pNIpCr03_nQ&t=35550
677,9:53:33,9:54:34,1.0,音楽全般の話,0.80,https://www.youtube.com/watch?v=pNIpCr03_nQ&t=35613
678,9:54:34,9:55:34,1.0,音楽全般の話,0.80,https://www.youtube.com/watch?v=pNIpCr03_nQ&t=35674
679,9:55:34,9:56:36,1.0,音楽全般の話,0.80,https://www.youtube.com/watch?v=pNIpCr03_nQ&t=35734
680,9:56:36,9:57:38,1.0,出勤に聞く爽やかなトークテーマ,0.70,https://www.youtube.com/watch?v=pNIpCr03_nQ&t=35796
681,9:57:38,9:58:43,1.1,好きな音楽について,0.80,https://www.youtube.com/watch?v=pNIpCr03_nQ&t=35858
682,9:58:43,9:59:47,1.1,好きな音楽について,0.80,https://www.youtube.com/watch?v=pNIpCr03_nQ&t=35923
683,9:59:47,10:00:33,0.8,好きな音楽について,0.80,https://www.youtube.com/watch?v=pNIpCr03_nQ&t=35987
684,10:00:33,10:01:37,1.1,音楽全般の話,0.80,https://www.youtube.com/watch?v=pNIpCr03_nQ&t=36033
685,10:01:37,10:02:28,0.8,ご目線行ってきます。行ってらっしゃい。 効果というか 単体では1000円なはずなんですけどね 。 液束。 あ、ジャパチャさん液タブ買ってた。そう 。すごい...,0.70,https://www.youtube.com/watch?v=pNIpCr03_nQ&t=36097
686,10:02:28,10:03:38,1.2,好きな音楽について,0.80,https://www.youtube.com/watch?v=pNIpCr03_nQ&t=36148
687,10:03:38,10:04:40,1.0,音楽全般の話,0.80,https://www.youtube.com/watch?v=pNIpCr03_nQ&t=36218
688,10:04:40,10:05:40,1.0,音楽全般の話,0.80,https://www.youtube.com/watch?v=pNIpCr03_nQ&t=36280
689,10:05:40,10:06:41,1.0,音楽全般の話,0.80,https://www.youtube.com/watch?v=pNIpCr03_nQ&t=36340
690,10:06:41,10:07:48,1.1,音楽全般の話,0.80,https://www.youtube.com/watch?v=pNIpCr03_nQ&t=36401
691,10:07:48,10:08:50,1.0,音楽全般の話,0.80,https://www.youtube.com/watch?v=pNIpCr03_nQ&t=36468
692,10:08:50,10:09:58,1.1,お祝いコメントへの返答,0.80,https://www.youtube.com/watch?v=pNIpCr03_nQ&t=36530
693,10:09:58,10:11:00,1.0,そう、DJ内容、DJDDPとして やっていきたいなって,0.70,https://www.youtube.com/watch?v=pNIpCr03_nQ&t=36598
694,10:11:00,10:12:00,1.0,楽曲選択について,0.80,https://www.youtube.com/watch?v=pNIpCr03_nQ&t=36660
695,10:12:00,10:13:02,1.0,ちゃんと出てるやつで押けDJ わ,0.70,https://www.youtube.com/watch?v=pNIpCr03_nQ&t=36720
696,10:13:02,10:14:03,1.0,いや、レコードはね、探さない,0.80,https://www.youtube.com/watch?v=pNIpCr03_nQ&t=36782
697,10:14:03,10:14:55,0.9,音楽全般の話,0.80,https://www.youtube.com/watch?v=pNIpCr03_nQ&t=36843
698,10:14:55,10:15:59,1.1,でも最初はいやでもなDJって ちょっとよくわかんないしなみたいな待っ てたんだけどずっとなんか最近EDMとか 聞い...,0.70,https://www.youtube.com/watch?v=pNIpCr03_nQ&t=36895
699,10:15:59,10:16:42,0.7,楽曲選択について,0.70,https://www.youtube.com/watch?v=pNIpCr03_nQ&t=36959
700,10:16:42,10:17:43,1.0,好きな音楽について,0.80,https://www.youtube.com/watch?v=pNIpCr03_nQ&t=37002
701,10:17:43,10:18:45,1.0,音楽全般の話,0.80,https://www.youtube.com/watch?v=pNIpCr03_nQ&t=37063
702,10:18:45,10:19:46,1.0,音楽鑑賞について,0.80,https://www.youtube.com/watch?v=pNIpCr03_nQ&t=37125
703,10:19:46,10:20:50,1.1,BJもね、全然内緒にしようかなって思っ たもん,0.80,https://www.youtube.com/watch?v=pNIpCr03_nQ&t=37186
704,10:20:50,10:21:51,1.0,音楽全般の話,0.80,https://www.youtube.com/watch?v=pNIpCr03_nQ&t=37250
705,10:21:51,10:22:12,0.4,人生いいことしよ。本当に分からんけど。 きっとそうなる。 うん。うん。 行かないと卵っちが死んじゃうから。どう いうこと? な、何言ってるの?俺龍かの理解...,0.90,https://www.youtube.com/watch?v=pNIpCr03_nQ&t=37311
706,10:22:12,10:23:13,1.0,じゃあトムさんへの返答,0.80,https://www.youtube.com/watch?v=pNIpCr03_nQ&t=37332
707,10:23:13,10:24:18,1.1,音楽全般の話,0.80,https://www.youtube.com/watch?v=pNIpCr03_nQ&t=37393
708,10:24:18,10:25:22,1.1,音楽全般の話,0.80,https://www.youtube.com/watch?v=pNIpCr03_nQ&t=37458
709,10:25:22,10:26:31,1.2,音楽全般の話,0.80,https://www.youtube.com/watch?v=pNIpCr03_nQ&t=37522
710,10:26:31,10:27:35,1.1,12時間配信についての説明,0.80,https://www.youtube.com/watch?v=pNIpCr03_nQ&t=37591
711,10:27:35,10:28:27,0.9,音楽全般の話,0.80,https://www.youtube.com/watch?v=pNIpCr03_nQ&t=37655
712,10:28:27,10:29:27,1.0,12時間配信についての説明,0.80,https://www.youtube.com/watch?v=pNIpCr03_nQ&t=37707
713,10:29:27,10:30:10,0.7,おはよう。おはよう。 あ、そういう本さんの水ですね。までが ワンセンテスト。よろしいか?厄介だな。 こだわるタイプだ。 解説ありがとうございます。お見なき...,0.70,https://www.youtube.com/watch?v=pNIpCr03_nQ&t=37767
714,10:30:10,10:30:24,0.2,ゲームについて,1.00,https://www.youtube.com/watch?v=pNIpCr03_nQ&t=37810
715,10:30:24,10:31:28,1.1,半年記念配信についての話,0.80,https://www.youtube.com/watch?v=pNIpCr03_nQ&t=37824
716,10:31:28,10:32:35,1.1,お祝いコメントへの返答,0.80,https://www.youtube.com/watch?v=pNIpCr03_nQ&t=37888
717,10:32:35,10:33:15,0.7,音楽全般の話,0.80,https://www.youtube.com/watch?v=pNIpCr03_nQ&t=37955
718,10:33:15,10:33:59,0.7,ボドゲについて,0.80,https://www.youtube.com/watch?v=pNIpCr03_nQ&t=37995
719,10:33:59,10:35:00,1.0,音楽全般の話,0.80,https://www.youtube.com/watch?v=pNIpCr03_nQ&t=38039
720,10:35:00,10:36:02,1.0,音楽全般の話,0.80,https://www.youtube.com/watch?v=pNIpCr03_nQ&t=38100
721,10:36:02,10:36:22,0.3,ちょっとめっちゃ無理切ってた,0.70,https://www.youtube.com/watch?v=pNIpCr03_nQ&t=38162
722,10:36:22,10:37:23,1.0,音楽全般の話,0.80,https://www.youtube.com/watch?v=pNIpCr03_nQ&t=38182
723,10:37:23,10:37:31,0.1,うず井さん、個人VTuber巡回してる のおもろいな,0.90,https://www.youtube.com/watch?v=pNIpCr03_nQ&t=38243
724,10:37:31,10:38:32,1.0,お祝いコメントへの返答,0.70,https://www.youtube.com/watch?v=pNIpCr03_nQ&t=38251
725,10:38:32,10:39:35,1.1,音楽全般の話,0.80,https://www.youtube.com/watch?v=pNIpCr03_nQ&t=38312
726,10:39:35,10:40:38,1.0,12時間配信についての説明,0.80,https://www.youtube.com/watch?v=pNIpCr03_nQ&t=38375
727,10:40:38,10:41:39,1.0,音楽全般の話,0.80,https://www.youtube.com/watch?v=pNIpCr03_nQ&t=38438
728,10:41:39,10:43:16,1.6,12時間配信についての説明,0.80,https://www.youtube.com/watch?v=pNIpCr03_nQ&t=38499
729,10:43:16,10:44:16,1.0,音楽全般の話,1.00,https://www.youtube.com/watch?v=pNIpCr03_nQ&t=38596
730,10:44:16,10:45:20,1.1,お祝いコメントへの返答,0.70,https://www.youtube.com/watch?v=pNIpCr03_nQ&t=38656
731,10:45:20,10:46:23,1.0,成り家の、ま、サイトがあって、で、そこ の管理人の人、運営の人が 、ま、全部 なんかアイコンとか用意するんだけど、...,0.70,https://www.youtube.com/watch?v=pNIpCr03_nQ&t=38720
732,10:46:23,10:47:23,1.0,音楽全般の話,0.80,https://www.youtube.com/watch?v=pNIpCr03_nQ&t=38783
733,10:47:23,10:48:12,0.8,音楽全般の話,0.80,https://www.youtube.com/watch?v=pNIpCr03_nQ&t=38843
734,10:48:12,10:49:12,1.0,音楽全般の話,0.80,https://www.youtube.com/watch?v=pNIpCr03_nQ&t=38892
735,10:49:12,10:50:13,1.0,音楽全般の話,0.80,https://www.youtube.com/watch?v=pNIpCr03_nQ&t=38952
736,10:50:13,10:51:13,1.0,音楽全般の話,0.80,https://www.youtube.com/watch?v=pNIpCr03_nQ&t=39013
737,10:51:13,10:52:13,1.0,いうのにいいな、いいなみたいな,0.70,https://www.youtube.com/watch?v=pNIpCr03_nQ&t=39073
738,10:52:13,10:53:18,1.1,音楽全般の話,0.80,https://www.youtube.com/watch?v=pNIpCr03_nQ&t=39133
739,10:53:18,10:54:20,1.0,音楽全般の話,0.80,https://www.youtube.com/watch?v=pNIpCr03_nQ&t=39198
740,10:54:20,10:55:20,1.0,やさんへのお礼,0.70,https://www.youtube.com/watch?v=pNIpCr03_nQ&t=39260
741,10:55:20,10:56:23,1.0,て で裏イチゴがキスされてて、え、だって 裏原さんがイチゴ襲ってると思ってさ,0.70,https://www.youtube.com/watch?v=pNIpCr03_nQ&t=39320
742,10:56:23,10:57:24,1.0,お祝いコメントへの返答,0.80,https://www.youtube.com/watch?v=pNIpCr03_nQ&t=39383
743,10:57:24,10:58:25,1.0,やさおさんへのお礼,0.80,https://www.youtube.com/watch?v=pNIpCr03_nQ&t=39444
744,10:58:25,10:59:30,1.1,びっくりした。え、ってなった。 待ってかおりさんオープンルームで1人 不役平気でやってた。すごすぎる。 フィクションなら、ま、ハーレム転換、ま 、フィクシ...,0.70,https://www.youtube.com/watch?v=pNIpCr03_nQ&t=39505
745,10:59:30,11:00:33,1.0,音楽全般の話,0.80,https://www.youtube.com/watch?v=pNIpCr03_nQ&t=39570
746,11:00:33,11:01:27,0.9,音楽全般の話,0.80,https://www.youtube.com/watch?v=pNIpCr03_nQ&t=39633
747,11:01:27,11:01:29,0.0,あ、そう。火抜とかね。そうそう,0.90,https://www.youtube.com/watch?v=pNIpCr03_nQ&t=39687
748,11:01:29,11:02:34,1.1,ちょっとね、名前覚えてないわ,0.80,https://www.youtube.com/watch?v=pNIpCr03_nQ&t=39689
749,11:02:34,11:03:35,1.0,いや、一売りはそうウりがそう右だよね,0.70,https://www.youtube.com/watch?v=pNIpCr03_nQ&t=39754
750,11:03:35,11:04:37,1.0,音楽全般の話,0.80,https://www.youtube.com/watch?v=pNIpCr03_nQ&t=39815
751,11:04:37,11:05:40,1.0,そう受けてなんか絶対的な存在みたいで かっこいい,0.70,https://www.youtube.com/watch?v=pNIpCr03_nQ&t=39877
752,11:05:40,11:06:45,1.1,好きな音楽について,0.80,https://www.youtube.com/watch?v=pNIpCr03_nQ&t=39940
753,11:06:45,11:07:47,1.0,そ、強火派がいるからな,0.70,https://www.youtube.com/watch?v=pNIpCr03_nQ&t=40005
754,11:07:47,11:08:48,1.0,半年記念配信についての話,0.80,https://www.youtube.com/watch?v=pNIpCr03_nQ&t=40067
755,11:08:48,11:09:50,1.0,お祝いコメントへの返答,0.70,https://www.youtube.com/watch?v=pNIpCr03_nQ&t=40128
756,11:09:50,11:10:38,0.8,お祝いコメントへの返答,0.80,https://www.youtube.com/watch?v=pNIpCr03_nQ&t=40190
757,11:10:38,11:11:38,1.0,音楽全般の話,0.80,https://www.youtube.com/watch?v=pNIpCr03_nQ&t=40238
758,11:11:38,11:12:55,1.3,音楽全般の話,0.80,https://www.youtube.com/watch?v=pNIpCr03_nQ&t=40298
759,11:12:55,11:13:19,0.4,BLの話収集つけていかないとこのまま BLの話で枠 終わっちゃうよそれで一教だろおすすすすすめに上がってまし よかった,0.70,https://www.youtube.com/watch?v=pNIpCr03_nQ&t=40375
760,11:13:19,11:14:20,1.0,半年記念配信についての話,0.80,https://www.youtube.com/watch?v=pNIpCr03_nQ&t=40399
761,11:14:20,11:15:22,1.0,半年記念配信についての話,0.80,https://www.youtube.com/watch?v=pNIpCr03_nQ&t=40460
762,11:15:22,11:16:25,1.0,音楽全般の話,0.80,https://www.youtube.com/watch?v=pNIpCr03_nQ&t=40522
763,11:16:25,11:17:09,0.7,音楽全般の話,0.80,https://www.youtube.com/watch?v=pNIpCr03_nQ&t=40585
764,11:17:09,11:18:11,1.0,ゲームについて,0.80,https://www.youtube.com/watch?v=pNIpCr03_nQ&t=40629
765,11:18:11,11:19:15,1.1,お祝いコメントへの返答,0.80,https://www.youtube.com/watch?v=pNIpCr03_nQ&t=40691
766,11:19:15,11:20:26,1.2,音楽全般の話,0.80,https://www.youtube.com/watch?v=pNIpCr03_nQ&t=40755
767,11:20:26,11:21:28,1.0,歌・音楽についての話,0.80,https://www.youtube.com/watch?v=pNIpCr03_nQ&t=40826
768,11:21:28,11:22:31,1.1,11時間配信についての説明,0.80,https://www.youtube.com/watch?v=pNIpCr03_nQ&t=40888
769,11:22:31,11:23:32,1.0,音楽全般の話,0.80,https://www.youtube.com/watch?v=pNIpCr03_nQ&t=40951
770,11:23:32,11:24:36,1.1,12時間配信についての説明,0.80,https://www.youtube.com/watch?v=pNIpCr03_nQ&t=41012
771,11:24:36,11:25:37,1.0,お祝いコメントへの返答,0.70,https://www.youtube.com/watch?v=pNIpCr03_nQ&t=41076
772,11:25:37,11:25:53,0.3,11時間配信についての説明,1.00,https://www.youtube.com/watch?v=pNIpCr03_nQ&t=41137
773,11:25:53,11:26:07,0.2,コメントする分にはいい,1.00,https://www.youtube.com/watch?v=pNIpCr03_nQ&t=41153
774,11:26:07,11:27:08,1.0,音楽全般の話,0.80,https://www.youtube.com/watch?v=pNIpCr03_nQ&t=41167
775,11:27:08,11:28:09,1.0,デビュー半年おめでとうのコメントについて,0.80,https://www.youtube.com/watch?v=pNIpCr03_nQ&t=41228
776,11:28:09,11:29:09,1.0,音楽全般の話,0.80,https://www.youtube.com/watch?v=pNIpCr03_nQ&t=41289
777,11:29:09,11:30:14,1.1,好きな音楽について,0.80,https://www.youtube.com/watch?v=pNIpCr03_nQ&t=41349
778,11:30:14,11:31:17,1.0,好きな音楽について,0.80,https://www.youtube.com/watch?v=pNIpCr03_nQ&t=41414
779,11:31:17,11:32:24,1.1,ドリブルこそちびの生きる道なんだよ,0.80,https://www.youtube.com/watch?v=pNIpCr03_nQ&t=41477
780,11:32:24,11:33:28,1.1,好きな音楽について,0.80,https://www.youtube.com/watch?v=pNIpCr03_nQ&t=41544
781,11:33:28,11:34:29,1.0,お祝いコメントへの返答,0.80,https://www.youtube.com/watch?v=pNIpCr03_nQ&t=41608
782,11:34:29,11:35:32,1.0,音楽全般の話,0.80,https://www.youtube.com/watch?v=pNIpCr03_nQ&t=41669
783,11:35:32,11:36:33,1.0,音楽全般の話,0.80,https://www.youtube.com/watch?v=pNIpCr03_nQ&t=41732
784,11:36:33,11:37:34,1.0,ね。すやスや。可愛い。 ということで、お題話題ガチャ回します ね。このビールの流れ立ち切ろう。今 はまっていることは 今はまっていること。 江戸さんおはよ...,0.70,https://www.youtube.com/watch?v=pNIpCr03_nQ&t=41793
785,11:37:34,11:38:35,1.0,分かる。すやスやできる。今週仕事 忙しかったし。内出血してるし。内出血し てるし。 大事に 今週忙しかったし、内出血してるし 人の毛笑っちゃダメなんだけど...,0.70,https://www.youtube.com/watch?v=pNIpCr03_nQ&t=41854
786,11:38:35,11:39:38,1.0,音楽全般の話,0.80,https://www.youtube.com/watch?v=pNIpCr03_nQ&t=41915
787,11:39:38,11:40:39,1.0,音楽全般の話,0.80,https://www.youtube.com/watch?v=pNIpCr03_nQ&t=41978
788,11:40:39,11:41:40,1.0,音楽全般の話,0.80,https://www.youtube.com/watch?v=pNIpCr03_nQ&t=42039
789,11:41:40,11:42:40,1.0,音楽全般の話,0.80,https://www.youtube.com/watch?v=pNIpCr03_nQ&t=42100
790,11:42:40,11:43:41,1.0,んだろう?あんま詳しくないんだよな,0.80,https://www.youtube.com/watch?v=pNIpCr03_nQ&t=42160
791,11:43:41,11:44:42,1.0,デビュー半年おめでとうのコメントについて,0.80,https://www.youtube.com/watch?v=pNIpCr03_nQ&t=42221
792,11:44:42,11:45:47,1.1,お祝いコメントへの返答,0.80,https://www.youtube.com/watch?v=pNIpCr03_nQ&t=42282
793,11:45:47,11:46:30,0.7,音楽全般の話,0.80,https://www.youtube.com/watch?v=pNIpCr03_nQ&t=42347
794,11:46:30,11:47:21,0.8,12時間配信についての説明,0.80,https://www.youtube.com/watch?v=pNIpCr03_nQ&t=42390
795,11:47:21,11:47:39,0.3,12時間配信についての説明,1.00,https://www.youtube.com/watch?v=pNIpCr03_nQ&t=42441
796,11:47:39,11:48:44,1.1,音楽全般の話,0.80,https://www.youtube.com/watch?v=pNIpCr03_nQ&t=42459
797,11:48:44,11:49:50,1.1,音楽全般の話,0.80,https://www.youtube.com/watch?v=pNIpCr03_nQ&t=42524
798,11:49:50,11:50:48,1.0,音楽全般の話,1.00,https://www.youtube.com/watch?v=pNIpCr03_nQ&t=42590
799,11:50:48,11:51:48,1.0,お祝いコメントへの返答,0.80,https://www.youtube.com/watch?v=pNIpCr03_nQ&t=42648
800,11:51:48,11:52:51,1.1,12時間配信についての説明,0.80,https://www.youtube.com/watch?v=pNIpCr03_nQ&t=42708
801,11:52:51,11:53:32,0.7,音楽全般の話,0.80,https://www.youtube.com/watch?v=pNIpCr03_nQ&t=42771
